<?xml version="1.0" encoding="UTF-8"?>
<sequence xmlns="http://ws.apache.org/ns/synapse" name="_resource_mismatch_handler_">
   <payloadFactory media-type="xml">
      <format>
         <fault>
            <code>404</code>
            <type>Status report</type>
            <message>Not Found</message>
            <description>The requested resource (/$1) is not available.</description>
         </fault>
      </format>
      <args>
         <arg xmlns:ns="http://org.apache.synapse/xsd"
              evaluator="xml"
              expression="$axis2:REST_URL_POSTFIX"/>
      </args>
   </payloadFactory>
   <property name="RESPONSE" value="true" scope="default"/>
   <property name="NO_ENTITY_BODY" scope="axis2" action="remove"/>
   <property name="HTTP_SC" value="404" scope="axis2"/>
   <header name="To" action="remove"/>
   <send/>
   <drop/>
</sequence>
