<?xml version="1.0" encoding="UTF-8"?>
<sequence xmlns="http://ws.apache.org/ns/synapse" name="AsyncRawMsgProcessorSequence">
   <!--<log>
      <property xmlns:ns="http://org.apache.synapse/xsd"
                name="*********LOG-StoreRawMessageResponse********"
                expression="$body"/>
   </log>-->

   <property xmlns:ns="http://org.apache.synapse/xsd"
             name="StoreRawMessageResponse"
             expression="$body/child::node()"
             scope="default"
             type="STRING"/>
   <property xmlns:ns="http://org.apache.synapse/xsd"
             name="ClientIDProperties"
             expression="$body/StoreRawMessageResponse/ClientIDProperties"
             scope="default"
             type="STRING"/>
   <property xmlns:ns="http://org.apache.synapse/xsd"
             name="gds"
             expression="$body/StoreRawMessageResponse/source"
             scope="default"
             type="STRING"/>
   <property xmlns:ns="http://org.apache.synapse/xsd"
             name="recordLocator"
             expression="$body/StoreRawMessageResponse/recordLocator"
             scope="default"
             type="STRING"/>
   <property xmlns:ns="http://org.apache.synapse/xsd"
             name="GTRPilot"
             expression="$body/StoreRawMessageResponse/ClientIDProperties/GTRPilot"
             scope="default"
             type="STRING"/>
   <property name="HTTP_METHOD" value="POST" scope="axis2" type="STRING"/>
   <header xmlns:ns="http://org.apache.synapse/xsd"
           name="tranid"
           scope="transport"
           expression="get-property('transId')"/>
   <header xmlns:ns="http://org.apache.synapse/xsd"
           name="loglevel"
           scope="transport"
           expression="get-property('loglevel')"/>
   <header xmlns:ns="http://org.apache.synapse/xsd"
           name="datacenter"
           scope="transport"
           expression="get-property('regioncode')"/>
   <header xmlns:ns="http://org.apache.synapse/xsd"
           name="system"
           scope="transport"
           expression="get-property('system')"/>
   
   <enrich>
      <source type="property" clone="true" property="Request"/>
      <target type="body"/>
   </enrich>
   <!--<log>
      <property name="LOG" value="BEFORE CALLING ASYNC"/>
      <property xmlns:ns="http://org.apache.synapse/xsd"
                name="GDS"
                expression="get-property('gds')"/>
      <property xmlns:ns="http://org.apache.synapse/xsd"
                name="GTRPilot"
                expression="get-property('GTRPilot')"/>
      <property xmlns:ns="http://org.apache.synapse/xsd"
                name="recordLocator"
                expression="get-property('recordLocator')"/>
   </log>-->
   <payloadFactory media-type="xml">
      <format>
         <RawMessageProcessorRequest xmlns="">
            <source>$3</source>
            <recordLocator>$4</recordLocator>$1$2</RawMessageProcessorRequest>
      </format>
      <args>
         <arg xmlns:ns="http://org.apache.synapse/xsd"
              evaluator="xml"
              expression="get-property('payloadRq')"/>
         <arg xmlns:ns="http://org.apache.synapse/xsd"
              evaluator="xml"
              expression="get-property('ClientIDProperties')"/>
         <arg xmlns:ns="http://org.apache.synapse/xsd"
              evaluator="xml"
              expression="get-property('gds')"/>
         <arg xmlns:ns="http://org.apache.synapse/xsd"
              evaluator="xml"
              expression="get-property('recordLocator')"/>
      </args>
   </payloadFactory>
<property name="FORCE_SC_ACCEPTED"
             value="true"
             scope="axis2"
             type="STRING"/>
   <property name="OUT_ONLY" value="true" scope="default" type="STRING"/>
   <call>
      <endpoint key="RawMessageProcessorService"/>
   </call>
</sequence>
