<?xml version="1.0" encoding="UTF-8"?>
<sequence xmlns="http://ws.apache.org/ns/synapse" name="AuditSequence">
   <filter xmlns:ns="http://org.apache.synapse/xsd"
           source="get-property('AsyncFlag')"
           regex="false">
      <then>
         <property xmlns:soap="http://schemas.xmlsoap.org/soap/envelope/"
                   name="Success"
                   expression="//*[local-name()='Response']/@*[local-name()='type']"
                   scope="default"
                   type="STRING"/>
         <filter source="get-property('Success')" regex="SUCCESS">
            <then>
               <payloadFactory media-type="xml">
                  <format>
                     <AddtripResponse>
                        <Success>$1</Success>
                        <TransactionID>$3</TransactionID>
                        <TripID>$2</TripID>
                     </AddtripResponse>
                  </format>
                  <args>
                     <arg evaluator="xml" expression="get-property('Success')"/>
                     <arg evaluator="xml" expression="get-property('uri.var.tripId')"/>
                     <arg evaluator="xml" expression="get-property('transId')"/>
                  </args>
               </payloadFactory>
               <property name="successFlag"
                         value="Success"
                         scope="default"
                         type="STRING"/>
            </then>
            <else>
               <property name="successFlag" value="Fail" scope="default" type="STRING"/>
            </else>
         </filter>
      </then>
   </filter>
   <enrich>
      <source type="body" clone="true"/>
      <target type="property" property="bodyMessage"/>
   </enrich>
   <property xmlns:ns="http://org.apache.synapse/xsd"
             name="endTime"
             expression="get-property(&#34;SYSTEM_DATE&#34; ,&#34;yyyy/MM/dd - HH:mm:ss.SSS&#34;)"
             scope="default"
             type="STRING"/>
   <payloadFactory media-type="xml">
      <format>
         <AuditPayload xmlns="">
            <TripId>$1</TripId>
            <TransactionId>$2</TransactionId>
            <ComponentType>$3</ComponentType>
            <ComponentName>$4</ComponentName>
            <Step>$5</Step>
            <StartTimestamp>$6</StartTimestamp>
            <EndTimestamp>$7</EndTimestamp>
            <ProcessingTime/>
            <Status>$9</Status>
            <Message>$10</Message>
            <LogLevel>$11</LogLevel>
            <IncomingPayload>$12</IncomingPayload>
            <OutgoingPayload>$13</OutgoingPayload>
         </AuditPayload>
      </format>
      <args>
         <arg xmlns:ns="http://org.apache.synapse/xsd"
              xmlns:m0="http://services.samples"
              evaluator="xml"
              expression="get-property('uri.var.tripId')"/>
         <arg xmlns:ns="http://org.apache.synapse/xsd"
              evaluator="xml"
              expression="get-property('transId')"/>
         <arg value="ESB"/>
         <arg xmlns:ns="http://org.apache.synapse/xsd"
              evaluator="xml"
              expression="get-property('service')"/>
         <arg xmlns:ns="http://org.apache.synapse/xsd"
              evaluator="xml"
              expression="get-property('step')"/>
         <arg xmlns:ns="http://org.apache.synapse/xsd"
              evaluator="xml"
              expression="get-property('startTime')"/>
         <arg xmlns:ns="http://org.apache.synapse/xsd"
              evaluator="xml"
              expression="get-property('endTime')"/>
         <arg xmlns:ns="http://org.apache.synapse/xsd"
              evaluator="xml"
              expression="get-property('endTime')-get-property('startTime')"/>
         <arg xmlns:ns="http://org.apache.synapse/xsd"
              evaluator="xml"
              expression="get-property('successFlag')"/>
         <arg value="Audit Payload from ESB"/>
         <arg xmlns:ns="http://org.apache.synapse/xsd"
              evaluator="xml"
              expression="get-property('loglevel')"/>
         <arg xmlns:ns="http://org.apache.synapse/xsd"
              evaluator="xml"
              expression="get-property('payloadRq')"/>
         <arg xmlns:ns="http://org.apache.synapse/xsd"
              evaluator="xml"
              expression="get-property('bodyMessage')"/>
      </args>
   </payloadFactory>
   <filter xmlns:ns="http://org.apache.synapse/xsd"
           source="get-property('AsyncFlag')"
           regex="false">
      <then>
         <send>
            <endpoint key="AuditMicroService"/>
         </send>
      </then>
      <else>
         <property name="FORCE_SC_ACCEPTED"
                   value="true"
                   scope="axis2"
                   type="STRING"/>
         <property name="OUT_ONLY" value="true" scope="default" type="STRING"/>
         <call>
            <endpoint key="AuditMicroService"/>
         </call>
         <enrich>
            <source type="property" clone="true" property="bodyMessage"/>
            <target type="body"/>
         </enrich>
      </else>
   </filter>
</sequence>
