<?xml version="1.0" encoding="UTF-8"?>
<sequence xmlns="http://ws.apache.org/ns/synapse" name="CallAsyncTripSequence">
   <enrich>
      <source xmlns:ns="http://org.apache.synapse/xsd"
              xmlns:mo="http://schemas.xmlsoap.org/soap/envelope/"
              clone="true"
              xpath="//mo:Body/saveinopsdbResponse/Success/text()"/>
      <target type="property" property="Success"/>
   </enrich>
   <enrich>
      <source type="property" clone="true" property="ORIGREQUEST"/>
      <target type="body"/>
   </enrich>
   <filter xmlns:ns="http://org.apache.synapse/xsd"
           source="get-property('Success')"
           regex="True">
      <then>
         <property name="HTTP_METHOD" value="POST" scope="axis2" type="STRING"/>
         <header name="regioncode"
                 scope="transport"
                 expression="get-property('regioncode')"/>
         <header name="tranid"
                 scope="transport"
                 expression="get-property('transId')"/>
         <header name="loglevel"
                 scope="transport"
                 expression="get-property('loglevel')"/>
         <header name="system" scope="transport" expression="get-property('system')"/>
         <property name="FORCE_SC_ACCEPTED"
                   value="true"
                   scope="axis2"
                   type="STRING"/>
         <property name="OUT_ONLY" value="true" scope="default" type="STRING"/>
         <call>
            <endpoint key="ProcessTripAPI"/>
         </call>
      </then>
   </filter>
</sequence>
