<?xml version="1.0" encoding="UTF-8"?>
<sequence xmlns="http://ws.apache.org/ns/synapse" name="EnrichTripSequence">
   <property xmlns:ns="http://org.apache.synapse/xsd"
             name="Success"
             expression="$body/UpdateTravelerResponse/Success/text()"
             scope="default"
             type="STRING"/>
   <log>
      <property xmlns:ns="http://org.apache.synapse/xsd"
                name="*******Update Traveler Response*******"
                expression="$body"/>
      <property name="Log" value="*******Inside Enrich Trip Sequence*******"/>
   </log>
   <filter xmlns:ns="http://org.apache.synapse/xsd"
           source="get-property('Success')"
           regex="True">
      <then>
         <xslt key="EnrichTripRequest"/>
         <payloadFactory media-type="xml">
            <format>
               <EnrichTripRequest xmlns="">
                  <TripMessage>$1</TripMessage>$2                                                                                                                                    
</EnrichTripRequest>
            </format>
            <args>
               <arg evaluator="xml" expression="get-property('ORIGREQUEST')"/>
               <arg evaluator="xml" expression="$body/child::node()"/>
            </args>
         </payloadFactory>
         <header name="tranid"
                 scope="transport"
                 expression="get-property('transId')"/>
         <header name="loglevel"
                 scope="transport"
                 expression="get-property('loglevel')"/>
         <header name="regioncode"
                 scope="transport"
                 expression="get-property('regioncode')"/>
         <header name="system" scope="transport" expression="get-property('system')"/>
         <log>
            <property name="********Request For Enrich Trip Service*******"
                      expression="$body"/>
         </log>
         <call>
            <endpoint key="EnrichTripService"/>
         </call>
      </then>
      <else>
         <sequence key="MSFaultSequence"/>
         <log/>
      </else>
   </filter>
</sequence>
