<?xml version="1.0" encoding="UTF-8"?>
<sequence xmlns="http://ws.apache.org/ns/synapse" name="ExecuteRulesSequence">
   <xslt key="checkProcessTripResponse"/>
   <property xmlns:ns="http://org.apache.synapse/xsd"
             xmlns:soap="http://schemas.xmlsoap.org/soap/envelope/"
             name="Success"
             expression="//*[local-name()='ProcessTripXSLTResponse']/*[local-name()='status']"
             scope="default"
             type="STRING"/>
   <filter xmlns:ns="http://org.apache.synapse/xsd"
           source="get-property('Success')"
           regex="true">
      <then>
         <property name="AsyncFlag" value="false" scope="default" type="STRING"/>
         <header name="tranid"
                 scope="transport"
                 expression="get-property('transId')"/>
         <header name="loglevel"
                 scope="transport"
                 expression="get-property('loglevel')"/>
         <header name="Content-Type" scope="transport" value="application/xml"/>
         <payloadFactory media-type="xml">
            <format>
               <ProcessRules xmlns="">$1$2</ProcessRules>
            </format>
            <args>
               <arg evaluator="xml" expression="get-property('ORIGREQUEST')"/>
               <arg evaluator="xml" expression="get-property('TriggerReq')"/>
            </args>
         </payloadFactory>
         <send receive="AuditSequence">
            <endpoint key="OutboundProcessAPI"/>
         </send>
      </then>
   </filter>
</sequence>
