<?xml version="1.0" encoding="UTF-8"?>
<sequence xmlns="http://ws.apache.org/ns/synapse"
          name="fault"
          onError="DropFault"><!-- Log the message at the full log level with the ERROR_MESSAGE and the ERROR_CODE--><log>
      <property name="MESSAGE" value="Inside Fault Sequence"/>
      <property xmlns:ns="http://org.apache.synapse/xsd"
                name="ERROR_CODE"
                expression="get-property('ERROR_CODE')"/>
      <property xmlns:ns="http://org.apache.synapse/xsd"
                name="ERROR_MESSAGE"
                expression="get-property('ERROR_MESSAGE')"/>
   </log>
   <property name="processorSuccess"
             value="false"
             scope="default"
             type="BOOLEAN"/>
   <property xmlns:ns="http://org.apache.synapse/xsd"
             name="Message"
             expression="fn:concat('GetExceptionConfig', get-property('ProcessName'))"
             scope="default"
             type="STRING"/>
   <property xmlns:ns="http://org.apache.synapse/xsd"
             name="errorCode"
             expression="get-property('ERROR_CODE')"
             scope="default"
             type="STRING"/>
   <header xmlns:ns="http://org.apache.synapse/xsd"
           name="loglevel"
           scope="transport"
           expression="get-property('loglevel')"/>
   <header xmlns:ns="http://org.apache.synapse/xsd"
           name="tranid"
           scope="transport"
           expression="get-property('transId')"/>
   <header xmlns:ns="http://org.apache.synapse/xsd"
           name="processName"
           scope="transport"
           expression="get-property('ProcessName')"/>
   <payloadFactory media-type="xml">
      <format>
         <Request>$1</Request>
      </format>
      <args>
         <arg xmlns:ns="http://org.apache.synapse/xsd"
              evaluator="xml"
              expression="get-property('Message')"/>
      </args>
   </payloadFactory>
   <call>
      <endpoint key="EsbCacheExceptionAPI"/>
   </call>
   <property xmlns:ns="http://org.apache.synapse/xsd"
             name="errorMasterList"
             expression="$body/child::node()"
             scope="default"
             type="OM"/>
   <payloadFactory media-type="xml">
      <format>
         <ErrorCode>$1</ErrorCode>
      </format>
      <args>
         <arg xmlns:ns="http://org.apache.synapse/xsd"
              evaluator="xml"
              expression="get-property('ERROR_CODE')"/>
      </args>
   </payloadFactory>
   <switch xmlns:ns="http://org.apache.synapse/xsd"
           source="$body/*[local-name()='ErrorCode']/text()">
      <case regex="101504">
         <property name="catagory"
                   value="TimeoutException"
                   scope="default"
                   type="STRING"/>
      </case>
      <case regex="101503">
         <property name="catagory"
                   value="TimeoutException"
                   scope="default"
                   type="STRING"/>
      </case>
      <default>
         <property name="catagory"
                   value="SystemException"
                   scope="default"
                   type="STRING"/>
      </default>
   </switch>
   <property xmlns:ns="http://org.apache.synapse/xsd"
             name="createdDate"
             expression="get-property(&#34;SYSTEM_DATE&#34; ,&#34;yyyy-MM-dd'T'HH:mm:ss&#34;)"
             scope="default"
             type="STRING"/>
   <payloadFactory media-type="xml">
      <format>
         <Payload xmlns="">$1</Payload>
      </format>
      <args>
         <arg xmlns:ns="http://org.apache.synapse/xsd"
              evaluator="xml"
              expression="get-property('errorMasterList')"/>
      </args>
   </payloadFactory>
   <log>
      <property xmlns:ns="http://org.apache.synapse/xsd"
                name="clientId"
                expression="get-property('clientId')"/>
      <property xmlns:ns="http://org.apache.synapse/xsd"
                name="rp"
                expression="get-property('restartpoint')"/>
      <property xmlns:ns="http://org.apache.synapse/xsd"
                name="recordLoc"
                expression="get-property('uri.var.recordLoc')"/>
      <property xmlns:ns="http://org.apache.synapse/xsd"
                name="catagory"
                expression="get-property('catagory')"/>
      <property xmlns:ns="http://org.apache.synapse/xsd"
                name="source"
                expression="get-property('uri.var.source')"/>
      <property xmlns:ns="http://org.apache.synapse/xsd"
                name="ComponentName"
                expression="get-property('ComponentName')"/>
      <property xmlns:ns="http://org.apache.synapse/xsd"
                name="ProcessName"
                expression="get-property('ProcessName')"/>
      <property xmlns:ns="http://org.apache.synapse/xsd"
                name="createdDate"
                expression="get-property('createdDate')"/>
   </log>
   <xslt key="ConstrctExcpetionRq">
      <property xmlns:ns="http://org.apache.synapse/xsd"
                name="clientId"
                expression="get-property('clientId')"/>
      <property xmlns:ns="http://org.apache.synapse/xsd"
                name="rp"
                expression="get-property('restartpoint')"/>
      <property xmlns:ns="http://org.apache.synapse/xsd"
                name="recordLoc"
                expression="get-property('uri.var.recordLoc')"/>
      <property xmlns:ns="http://org.apache.synapse/xsd"
                name="catagory"
                expression="get-property('catagory')"/>
      <property xmlns:ns="http://org.apache.synapse/xsd"
                name="source"
                expression="get-property('uri.var.source')"/>
      <property xmlns:ns="http://org.apache.synapse/xsd"
                name="ComponentName"
                expression="get-property('ComponentName')"/>
      <property xmlns:ns="http://org.apache.synapse/xsd"
                name="ProcessName"
                expression="get-property('ProcessName')"/>
      <property xmlns:ns="http://org.apache.synapse/xsd"
                name="createdDate"
                expression="get-property('createdDate')"/>
   </xslt>
   <header xmlns:ns="http://org.apache.synapse/xsd"
           name="loglevel"
           scope="transport"
           expression="get-property('loglevel')"/>
   <header xmlns:ns="http://org.apache.synapse/xsd"
           name="tranid"
           scope="transport"
           expression="get-property('transId')"/>
   <property xmlns:ns="http://org.apache.synapse/xsd"
             name="response"
             expression="$body/child::node()"
             scope="default"
             type="STRING"/>
   <call>
      <endpoint key="WriteExceptionService"/>
   </call>
   <log>
      <property xmlns:ns="http://org.apache.synapse/xsd"
                name="after write"
                expression="$body"/>
   </log>
   <payloadFactory media-type="xml">
      <format>
         <RawMessageProcessorResponse xmlns="">
            <Success>false</Success>$1</RawMessageProcessorResponse>
      </format>
      <args>
         <arg xmlns:ns="http://org.apache.synapse/xsd"
              evaluator="xml"
              expression="get-property('response')"/>
      </args>
   </payloadFactory>
   <log>
      <property name="into fault last" value="TimeoutException"/>
   </log>
   <filter xmlns:ns="http://org.apache.synapse/xsd"
           source="get-property('catagory')"
           regex="TimeoutException">
      <then>
         <filter source="get-property('ComponentName')" regex="UpdateTraveler">
            <then>
               <sequence key="HandleTimeoutUpdateException"/>
            </then>
            <else>
               <filter source="get-property('ComponentName')" regex="EnrichTrip">
                  <then>
                     <sequence key="HandleTimeoutUpdateException"/>
                  </then>
                  <else>
                     <respond/>
                  </else>
               </filter>
            </else>
         </filter>
      </then>
      <else>
         <respond/>
      </else>
   </filter>
</sequence>
