<?xml version="1.0" encoding="UTF-8"?>
<sequence xmlns="http://ws.apache.org/ns/synapse"
          name="GetTripIdSequence"
          trace="enable"
          statistics="enable">
   <enrich>
      <source xmlns:ns="http://org.apache.synapse/xsd"
              xmlns:mo="http://schemas.xmlsoap.org/soap/envelope/"
              clone="true"
              xpath="//mo:Body/saveinopsdbResponse/Success/text()"/>
      <target type="property" property="Success"/>
   </enrich>
   <enrich>
      <source type="inline" clone="true">
         <soapenv:Envelope xmlns:soapenv="http://www.w3.org/2003/05/soap-envelope">
            <soapenv:Body/>
         </soapenv:Envelope>
      </source>
      <target type="envelope"/>
   </enrich>
   <log>
      <property xmlns:ns="http://org.apache.synapse/xsd"
                name="Success"
                expression="get-property('Success')"/>
      <property xmlns:ns="http://org.apache.synapse/xsd"
                name="transId"
                expression="get-property('transId')"/>
   </log>
   <filter xmlns:ns="http://org.apache.synapse/xsd"
           source="get-property('Success')"
           regex="true">
      <then>
         <property name="uri.var.createdDate"
                   expression="$ctx:ORIGREQUEST/TravelItinerary/AccessHistory/Created/@Time"
                   scope="default"
                   type="STRING"/>
         <property name="uri.var.source"
                   expression="$ctx:ORIGREQUEST/PNRRef/@AtlasGDS"
                   scope="default"
                   type="STRING"/>
         <property name="uri.var.recordLoc"
                   expression="$ctx:ORIGREQUEST/PNRRef/@RecordLocator"
                   scope="default"
                   type="STRING"/>
         <property name="HTTP_METHOD" value="GET" scope="axis2" type="STRING"/>
         <header name="regioncode"
                 scope="transport"
                 expression="get-property('regioncode')"/>
         <header name="tranid"
                 scope="transport"
                 expression="get-property('transId')"/>
         <header name="loglevel"
                 scope="transport"
                 expression="get-property('loglevel')"/>
         <send receive="UpdateTripSequence">
            <endpoint key="GetTripDataService"/>
         </send>
      </then>
   </filter>
</sequence>
