<?xml version="1.0" encoding="UTF-8"?>
<sequence xmlns="http://ws.apache.org/ns/synapse" name="HandleTimeoutUpdateException">
   <enrich>
      <source xmlns:ns="http://org.apache.synapse/xsd"
              clone="true"
              xpath="$ctx:ORIGREQUEST"/>
      <target type="body"/>
   </enrich>
   <property name="messageType" value="application/xml" scope="axis2"/>
   <property name="processorSuccess"
             value="false"
             scope="default"
             type="BOOLEAN"/>
   <header xmlns:ns="http://org.apache.synapse/xsd"
           name="tranid"
           scope="transport"
           expression="get-property('transId')"/>
   <header xmlns:ns="http://org.apache.synapse/xsd"
           name="loglevel"
           scope="transport"
           expression="get-property('loglevel')"/>
   <header xmlns:ns="http://org.apache.synapse/xsd"
           name="regioncode"
           scope="transport"
           expression="get-property('regioncode')"/>
   <header xmlns:ns="http://org.apache.synapse/xsd"
           name="system"
           scope="transport"
           expression="get-property('system')"/>
   <header name="origin" scope="transport" value="storerawmessage"/>
   <log>
      <property xmlns:ns="http://org.apache.synapse/xsd"
                name="********Request For Update Trip and TripHistory Service*******"
                expression="$body"/>
   </log>
   <call>
      <endpoint key="UpdateTripandTripHistoryService"/>
   </call>
   <property xmlns:ns="http://org.apache.synapse/xsd"
             name="updatetripflag"
             expression="$body/updatetripandtriphistoryResponse/Success/text()"
             scope="default"
             type="STRING"/>
   <filter xmlns:ns="http://org.apache.synapse/xsd"
           source="get-property('updatetripflag')"
           regex="True">
      <then>
         <log>
            <property name="********Response Of Update Trip and TripHistory Service*******"
                      expression="$body"/>
         </log>
         <property name="successFlag"
                   value="Success"
                   scope="default"
                   type="STRING"/>
         <property name="AsyncFlag" value="true" scope="default" type="STRING"/>
         <property name="ComponentName"
                   value="Audit"
                   scope="default"
                   type="STRING"/>
         <property name="service"
                   value="RawMessageProcessor"
                   scope="default"
                   type="STRING"/>
         <property name="step"
                   value="ESB RawMessageProcessor"
                   scope="default"
                   type="STRING"/>
         <payloadFactory media-type="xml">
            <format>
               <RawMessageProcessorResponse xmlns="">
                  <Success>$1</Success>
               </RawMessageProcessorResponse>
            </format>
            <args>
               <arg evaluator="xml" expression="get-property('processorSuccess')"/>
            </args>
         </payloadFactory>
         <sequence key="AuditSequence"/>
      </then>
      <else>
         <sequence key="MSFaultSequence"/>
      </else>
   </filter>
   <respond/>
</sequence>
