<?xml version="1.0" encoding="UTF-8"?>
<sequence xmlns="http://ws.apache.org/ns/synapse" name="MSFaultSequence">
   <property name="processorSuccess"
             value="false"
             scope="default"
             type="BOOLEAN"/>
   <property xmlns:ns="http://org.apache.synapse/xsd"
             name="transId"
             expression="$trp:tranid"
             scope="default"
             type="STRING"/>
   <property xmlns:ns="http://org.apache.synapse/xsd"
             name="loglevel"
             expression="$trp:loglevel"
             scope="default"
             type="STRING"/>
   <xslt key="errorRequest"/>
   <property xmlns:ns="http://org.apache.synapse/xsd"
             name="ErrorMessage"
             expression="$body/*[local-name()='Error']"/>
   <log>
      <property xmlns:ns="http://org.apache.synapse/xsd"
                name="input to exception service"
                expression="$body"/>
      <property xmlns:ns="http://org.apache.synapse/xsd"
                name="componentname"
                expression="$body/*[local-name()='Error']/*[local-name()='ComponentName']/text()"/>
   </log>
   <property xmlns:ns="http://org.apache.synapse/xsd"
             name="ComponentName"
             expression="$body/*[local-name()='Error']/*[local-name()='ComponentName']/text()"/>
   <header xmlns:ns="http://org.apache.synapse/xsd"
           name="tranid"
           scope="transport"
           expression="get-property('transId')"/>
   <header xmlns:ns="http://org.apache.synapse/xsd"
           name="loglevel"
           scope="transport"
           expression="get-property('loglevel')"/>
   <log>
      <property name="in micro service fault sequenece"
                value="executing microServicesfault sequenece"/>
      <property xmlns:ns="http://org.apache.synapse/xsd"
                name="transId"
                expression="get-property('transId')"/>
      <property xmlns:ns="http://org.apache.synapse/xsd"
                name="loglevel"
                expression="get-property('loglevel')"/>
      <property xmlns:ns="http://org.apache.synapse/xsd"
                name="input into sequenece"
                expression="$body"/>
   </log>
   <call>
      <endpoint key="WriteExceptionService"/>
   </call>
   <log>
      <property xmlns:ns="http://org.apache.synapse/xsd"
                name="response"
                expression="$body"/>
   </log>
   <payloadFactory media-type="xml">
      <format>
         <RawMessageProcessorResponse xmlns="">$1</RawMessageProcessorResponse>
      </format>
      <args>
         <arg xmlns:ns="http://org.apache.synapse/xsd"
              evaluator="xml"
              expression="get-property('ErrorMessage')"/>
      </args>
   </payloadFactory>
   <filter xmlns:ns="http://org.apache.synapse/xsd"
           source="get-property('ComponentName')"
           regex="UpdateTraveler">
      <then>
         <sequence key="HandleTimeoutUpdateException"/>
      </then>
      <else>
         <filter source="get-property('ComponentName')" regex="EnrichTrip">
            <then>
               <sequence key="HandleTimeoutUpdateException"/>
            </then>
            <else>
               <respond/>
            </else>
         </filter>
      </else>
   </filter>
</sequence>
