<?xml version="1.0" encoding="UTF-8"?>
<sequence xmlns="http://ws.apache.org/ns/synapse" name="pnrEnrichSequence">
   <log>
      <property name="DATA" value="---IN PNR ENRICH SEQUENCE---"/>
   </log>
   <class name="com.aegbt.gtr.mediate.Initialise">
      <property name="status" value=""/>
      <property name="processName" value="Job"/>
   </class>
   <enrich>
      <source type="property" clone="true" property="root"/>
      <target type="body"/>
   </enrich>
   <log>
      <property xmlns:ns="http://org.apache.synapse/xsd"
                name="request"
                expression="$body"/>
   </log>
   <iterate xmlns:ns="http://org.apache.synapse/xsd"
            id="id"
            expression="$body/*[local-name()='root']/*[local-name()='PnrEnricherProcessorRequest']"
            sequential="true">
      <target>
         <sequence>
            <log level="full">
               <property name="INITERATOR" value="$body"/>
            </log>
            <payloadFactory media-type="xml">
               <format>
                  <PnrEnricherProcessorRequest>$1</PnrEnricherProcessorRequest>
               </format>
               <args>
                  <arg evaluator="xml"
                       expression="$body/*[local-name()='PnrEnricherProcessorRequest']/*[local-name()='rawmessages']"/>
               </args>
            </payloadFactory>
            <call>
               <endpoint key="pnrEnrichProcessorAPI"/>
            </call>
         </sequence>
      </target>
   </iterate>
</sequence>
