<?xml version="1.0" encoding="UTF-8"?>
<sequence xmlns="http://ws.apache.org/ns/synapse"
          name="ProcessTripSequence"
          trace="enable"
          statistics="enable">
   <enrich>
      <source xmlns:ns="http://org.apache.synapse/xsd"
              xmlns:mo="http://schemas.xmlsoap.org/soap/envelope/"
              clone="true"
              xpath="//mo:Body/updatetripandtriphistoryResponse/Success/text()"/>
      <target type="property" property="Success"/>
   </enrich>
   <payloadFactory media-type="xml">
      <format>
         <Payload xmlns="">$1$2</Payload>
      </format>
      <args>
         <arg xmlns:ns="http://org.apache.synapse/xsd"
              evaluator="xml"
              expression="get-property('ORIGREQUEST')"/>
         <arg xmlns:ns="http://org.apache.synapse/xsd"
              evaluator="xml"
              expression="get-property('PNRMap')"/>
      </args>
   </payloadFactory>
   <filter xmlns:ns="http://org.apache.synapse/xsd"
           source="get-property('Success')"
           regex="True">
      <then>
         <property name="HTTP_METHOD" value="POST" scope="axis2"/>
         <header name="tranid"
                 scope="transport"
                 expression="get-property('transId')"/>
         <header name="loglevel"
                 scope="transport"
                 expression="get-property('loglevel')"/>
         <header name="Content-Type" scope="transport" value="application/xml"/>
         <header name="tripid"
                 scope="transport"
                 expression="get-property('uri.var.tripId')"/>
         <header name="tripIdStatus"
                 scope="transport"
                 expression="get-property('uri.var.tripIdStatus')"/>
         <send receive="TriggerSequence">
            <endpoint key="ProcessSegmentsAPI"/>
         </send>
      </then>
   </filter>
</sequence>
