<?xml version="1.0" encoding="UTF-8"?>
<sequence xmlns="http://ws.apache.org/ns/synapse" name="RetriverFaultSequence">
   <property xmlns:ns="http://org.apache.synapse/xsd"
             name="ERROR_CODE"
             expression="get-property('ERROR_CODE')"/>
   <property xmlns:ns="http://org.apache.synapse/xsd"
             name="ERROR_MESSAGE"
             expression="get-property('ERROR_MESSAGE')"/>
   <property xmlns:ns="http://org.apache.synapse/xsd"
             name="ERROR_DETAIL"
             expression="get-property('ERROR_DETAIL')"/>
   <property xmlns:ns="http://org.apache.synapse/xsd"
             name="ERROR_EXCEPTION"
             expression="get-property('ERROR_EXCEPTION')"/>
   <payloadFactory media-type="xml">
      <format>
         <RawmsgRetrieverResponse xmlns="">
            <Success>False</Success>
            <Error>
               <ErrorCode>$1</ErrorCode>
               <ErrorMessage>$2</ErrorMessage>
               <ErrorDetail>$3</ErrorDetail>
               <ErrorException>$4</ErrorException>
            </Error>
         </RawmsgRetrieverResponse>
      </format>
      <args>
         <arg xmlns:ns="http://org.apache.synapse/xsd"
              evaluator="xml"
              expression="get-property('ERROR_CODE')"/>
         <arg xmlns:ns="http://org.apache.synapse/xsd"
              evaluator="xml"
              expression="get-property('ERROR_MESSAGE')"/>
         <arg xmlns:ns="http://org.apache.synapse/xsd"
              evaluator="xml"
              expression="get-property('ERROR_DETAIL')"/>
         <arg xmlns:ns="http://org.apache.synapse/xsd"
              evaluator="xml"
              expression="get-property('ERROR_EXCEPTION')"/>
      </args>
   </payloadFactory>
   <respond/>
</sequence>
