<?xml version="1.0" encoding="UTF-8"?>
<sequence xmlns="http://ws.apache.org/ns/synapse" name="TriggerSequence">
   <xslt key="ConstructAggregatedTriggerRq"/>
   <xslt key="MergeTriggerRq"/>
   <xslt key="SortTriggerElements"/>
   <xslt key="RemoveTriggerDuplicates"/>
   <header xmlns:ns="http://org.apache.synapse/xsd"
           name="tranId"
           scope="transport"
           expression="get-property('transId')"/>
   <header xmlns:ns="http://org.apache.synapse/xsd"
           name="logLevel"
           scope="transport"
           expression="get-property('loglevel')"/>
<header name="processor" scope="transport" value="AddTrip"/>
   <enrich>
      <source type="body" clone="true"/>
      <target type="property" property="TriggerReq"/>
   </enrich>
   <send receive="ExecuteRulesSequence">
      <endpoint key="TriggerService"/>
   </send>
</sequence>
