<?xml version="1.0" encoding="UTF-8"?>
<sequence xmlns="http://ws.apache.org/ns/synapse"
          name="UpdateTripSequence"
          trace="enable"
          statistics="enable">
   <enrich>
      <source xmlns:ns="http://org.apache.synapse/xsd"
              xmlns:mo="http://schemas.xmlsoap.org/soap/envelope/"
              clone="true"
              xpath="//mo:Body/tripDataResponse/Success/text()"/>
      <target type="property" property="Success"/>
   </enrich>
   <property xmlns:ns="http://org.apache.synapse/xsd"
             xmlns:mo="http://schemas.xmlsoap.org/soap/envelope/"
             name="uri.var.tripId"
             expression="//mo:Body/tripDataResponse/TripID/text()"
             scope="default"
             type="STRING"/>
   <property xmlns:ns="http://org.apache.synapse/xsd"
             xmlns:mo="http://schemas.xmlsoap.org/soap/envelope/"
             name="uri.var.readableTripID"
             expression="//mo:Body/tripDataResponse/ReadableTripID/text()"
             scope="default"
             type="STRING"/>
   <property xmlns:ns="http://org.apache.synapse/xsd"
             xmlns:mo="http://schemas.xmlsoap.org/soap/envelope/"
             name="uri.var.tripIdStatus"
             expression="//mo:Body/tripDataResponse/Status/text()"
             scope="default"
             type="STRING"/>
   <property xmlns:ns="http://org.apache.synapse/xsd"
             xmlns:mo="http://schemas.xmlsoap.org/soap/envelope/"
             name="PNRMap"
             expression="//mo:Body/tripDataResponse/SegmentCount/PNRSegmentMap"
             scope="default"
             type="STRING"/>
   <log>
      <property xmlns:ns="http://org.apache.synapse/xsd"
                name="**********************TRIP ID For the Raw message********************************"
                expression="get-property('uri.var.tripId')"/>
   </log>
   <enrich>
      <source type="property" clone="true" property="ORIGREQUEST"/>
      <target type="body"/>
   </enrich>
   <property name="TravelerId" value="false" scope="default" type="STRING"/>
   <filter xmlns:ns="http://org.apache.synapse/xsd"
           source="get-property('TravelerId')"
           regex="true">
      <then>
         <xslt key="EnrichTripRequestForAddTrip"/>
         <payloadFactory media-type="xml">
            <format>
               <EnrichTripRequest xmlns="">
                  <TripMessage>$1</TripMessage>$2                                                                                                                                    
                   </EnrichTripRequest>
            </format>
            <args>
               <arg evaluator="xml" expression="get-property('ORIGREQUEST')"/>
               <arg evaluator="xml" expression="$body"/>
            </args>
         </payloadFactory>
         <header name="tranid"
                 scope="transport"
                 expression="get-property('transId')"/>
         <header name="loglevel"
                 scope="transport"
                 expression="get-property('loglevel')"/>
         <header name="regioncode"
                 scope="transport"
                 expression="get-property('regioncode')"/>
         <header name="system" scope="transport" expression="get-property('system')"/>
         <!--<log>
            <property name="********Request For Enrich Trip Service*******"
                      expression="$body"/>
         </log>-->
         <call>
            <endpoint key="EnrichTripService"/>
         </call>
          <!--<log>
            <property name="****EnrichTripService Resposne *******" expression="$body"/>
         </log>-->
         <sequence key="UpdateTripAndTripHistory"/>
         <sequence key="ProcessTripSequence"/>
      </then>
      <else>
         
         <sequence key="UpdateTravelerSequenceForAddTrip"/>
         <sequence key="EnrichTripSequence"/>
         <sequence key="UpdateTripAndTripHistory"/>
         <sequence key="ProcessTripSequence"/>
      </else>
   </filter>
</sequence>
