<?xml version="1.0" encoding="UTF-8"?>
<sequence xmlns="http://ws.apache.org/ns/synapse"
          name="UpdateTravelerSequenceForAddTrip">
   <property xmlns:ns="http://org.apache.synapse/xsd"
             name="clientId"
             expression="$body/OTA_TravelItineraryRS/TravelItinerary/AccountProfile/ClientId/text()"
             scope="default"
             type="STRING"/>
   <property xmlns:ns="http://org.apache.synapse/xsd"
             name="UpdateTravellerData"
             expression="$ctx:ORIGREQUEST/TravelItinerary/CustomerInfos"
             scope="default"
             type="STRING"/>
   <payloadFactory media-type="xml">
      <format>
         <UpdateTravelerRequest xmlns="">
            <PNRRef>$1</PNRRef>
            <Source>$2</Source>
            <ClientID>$5</ClientID>
            <TripId>$3</TripId>$4
</UpdateTravelerRequest>
      </format>
      <args>
         <arg xmlns:ns="http://org.apache.synapse/xsd"
              evaluator="xml"
              expression="get-property('uri.var.recordLoc')"/>
         <arg xmlns:ns="http://org.apache.synapse/xsd"
              evaluator="xml"
              expression="get-property('uri.var.source')"/>
         <arg xmlns:ns="http://org.apache.synapse/xsd"
              evaluator="xml"
              expression="get-property('uri.var.tripId')"/>
         <arg xmlns:ns="http://org.apache.synapse/xsd"
              evaluator="xml"
              expression="get-property('UpdateTravellerData')"/>
         <arg xmlns:ns="http://org.apache.synapse/xsd"
              evaluator="xml"
              expression="get-property('clientId')"/>
      </args>
   </payloadFactory>
   <header xmlns:ns="http://org.apache.synapse/xsd"
           name="tranid"
           scope="transport"
           expression="get-property('transId')"/>
   <header xmlns:ns="http://org.apache.synapse/xsd"
           name="loglevel"
           scope="transport"
           expression="get-property('loglevel')"/>
   <header xmlns:ns="http://org.apache.synapse/xsd"
           name="regioncode"
           scope="transport"
           expression="get-property('regioncode')"/>
   <header xmlns:ns="http://org.apache.synapse/xsd"
           name="system"
           scope="transport"
           expression="get-property('system')"/>
     <call>
      <endpoint key="UpdateTravelerService"/>
   </call>
</sequence>
