<?xml version="1.0" encoding="UTF-8"?>
<sequence xmlns="http://ws.apache.org/ns/synapse" name="UpdateTravelerSequence">
   <property xmlns:ns="http://org.apache.synapse/xsd"
             name="Success"
             expression="$body/tripDataResponse/Success/text()"
             scope="default"
             type="STRING"/>
   <property xmlns:ns="http://org.apache.synapse/xsd"
             xmlns:mo="http://schemas.xmlsoap.org/soap/envelope/"
             name="uri.var.tripId"
             expression="//mo:Body/tripDataResponse/TripID/text()"
             scope="default"
             type="STRING"/>
   <property xmlns:ns="http://org.apache.synapse/xsd"
             xmlns:mo="http://schemas.xmlsoap.org/soap/envelope/"
             name="uri.var.readableTripID"
             expression="//mo:Body/tripDataResponse/ReadableTripID/text()"
             scope="default"
             type="STRING"/>
   <log>
      <property xmlns:ns="http://org.apache.synapse/xsd"
                name="**********************TRIP ID For the Raw message********************************"
                expression="get-property('uri.var.tripId')"/>
   </log>
   <log>
      <property xmlns:ns="http://org.apache.synapse/xsd"
                name="********Response from GET TRIP DATA Service*******"
                expression="$body"/>
      <property name="LOG" value="********Inside Update Traveler Sequence ********"/>
   </log>
   <filter xmlns:ns="http://org.apache.synapse/xsd"
           source="get-property('Success')"
           regex="True">
      <then>
         <property name="TRIP_ID"
                   expression="//tripDataResponse/TripID"
                   scope="default"
                   type="STRING"/>
         <enrich>
            <source type="property" clone="true" property="ORIGREQUEST"/>
            <target type="body"/>
         </enrich>
         <property name="UpdateTravellerData"
                   expression="$ctx:ORIGREQUEST/TravelItinerary/CustomerInfos"
                   scope="default"
                   type="STRING"/>
         <payloadFactory media-type="xml">
            <format>
               <UpdateTravelerRequest xmlns="">
                  <PNRRef>$1</PNRRef>
                  <Source>$2</Source>
                  <ClientID>$3</ClientID>
                  <TripId>$4</TripId>$5
</UpdateTravelerRequest>
            </format>
            <args>
               <arg evaluator="xml" expression="get-property('recordLocator')"/>
               <arg evaluator="xml" expression="get-property('gds')"/>
               <arg evaluator="xml" expression="get-property('clientId')"/>
               <arg evaluator="xml" expression="get-property('TRIP_ID')"/>
               <arg evaluator="xml" expression="get-property('UpdateTravellerData')"/>
            </args>
         </payloadFactory>
         <header name="tranid"
                 scope="transport"
                 expression="get-property('transId')"/>
         <header name="loglevel"
                 scope="transport"
                 expression="get-property('loglevel')"/>
         <header name="regioncode"
                 scope="transport"
                 expression="get-property('regioncode')"/>
         <header name="system" scope="transport" expression="get-property('system')"/>
         <log>
            <property name="******** Request For Update Traveler Service*******"
                      expression="$body"/>
         </log>
         <call>
            <endpoint key="UpdateTravelerService"/>
         </call>
      </then>
   </filter>
</sequence>
