<?xml version="1.0" encoding="UTF-8"?>
<sequence xmlns="http://ws.apache.org/ns/synapse" name="UpdateTripAndTripHistory">
   <property xmlns:ns="http://org.apache.synapse/xsd"
             name="Success"
             expression="$body/EnrichTripResponse/Success/text()"
             scope="default"
             type="STRING"/>
      <enrich>
      <source xmlns:ns="http://org.apache.synapse/xsd"
              clone="true"
              xpath="$body/EnrichTripResponse/TripMessage/OTA_TravelItineraryRS"/>
      <target type="body"/>
   </enrich>
   <property name="messageType" value="application/xml" scope="axis2"/>
   <header xmlns:ns="http://org.apache.synapse/xsd"
           name="tranid"
           scope="transport"
           expression="get-property('transId')"/>
   <header xmlns:ns="http://org.apache.synapse/xsd"
           name="loglevel"
           scope="transport"
           expression="get-property('loglevel')"/>
   <header xmlns:ns="http://org.apache.synapse/xsd"
           name="regioncode"
           scope="transport"
           expression="get-property('regioncode')"/>
   <header xmlns:ns="http://org.apache.synapse/xsd"
           name="system"
           scope="transport"
           expression="get-property('system')"/>
   <header name="origin" scope="transport" value="storerawmessage"/>
      <call>
      <endpoint key="UpdateTripandTripHistoryService"/>
   </call>
</sequence>
