<?xml version="1.0" encoding="UTF-8"?>
<api xmlns="http://ws.apache.org/ns/synapse"
     name="addTripService"
     context="/trip"
     hostname="aegbt-server2.cloudapp.net"
     port="8280">
   <resource methods="POST" uri-template="/add/v2">
      <inSequence>
         <property name="REST_URL_POSTFIX" scope="axis2" action="remove"/>
         <property xmlns:ns="http://org.apache.synapse/xsd"
                   name="startTime"
                   expression="get-property(&#34;SYSTEM_DATE&#34; ,&#34;yyyy/MM/dd - HH:mm:ss.SSS&#34;)"
                   scope="default"
                   type="STRING"/>
         <property name="payloadRq"
                   expression="$body/child::node()"
                   scope="default"
                   type="STRING"/>
         <property name="service"
                   value="AddTripService"
                   scope="default"
                   type="STRING"/>
         <property name="step"
                   value="ESB AddTripService"
                   scope="default"
                   type="STRING"/>
         <property name="Success" value="false" scope="default" type="BOOLEAN"/>
         <property name="regioncode"
                   expression="$trp:datacenter"
                   scope="default"
                   type="STRING"/>
         <property name="transId"
                   expression="$trp:tranid"
                   scope="default"
                   type="STRING"/>
         <property name="loglevel"
                   expression="$trp:loglevel"
                   scope="default"
                   type="STRING"/>
         <property name="system"
                   expression="$trp:system"
                   scope="default"
                   type="STRING"/>
         <log>
            <property name="REGIONCODE" expression="get-property('regioncode')"/>
            <property name="TRANSID" expression="get-property('transId')"/>
            <property name="LOGLEVEL" expression="get-property('loglevel')"/>
            <property name="SYSTEM" expression="get-property('system')"/>
         </log>
         <enrich>
            <source type="body" clone="true"/>
            <target type="property" property="ORIGREQUEST"/>
         </enrich>
         <property name="REQUEST" value="true"/>
         <filter source="name($body/OTA_TravelItineraryRS)"
                 regex="OTA_TravelItineraryRS">
            <then>
               <call>
                  <endpoint key="SaveInOPSDBService"/>
               </call>
               <sequence key="CallAsyncTripSequence"/>
               <payloadFactory media-type="xml">
                  <format>
                     <AddtripResponse>
                        <Success>True</Success>
                        <TransactionID>$1</TransactionID>
                     </AddtripResponse>
                  </format>
                  <args>
                     <arg evaluator="xml" expression="get-property('transId')"/>
                  </args>
               </payloadFactory>
               <property name="messageType" value="application/xml" scope="axis2"/>
               <property name="successFlag"
                         value="Success"
                         scope="default"
                         type="STRING"/>
               <property name="AsyncFlag" value="true" scope="default" type="STRING"/>
               <sequence key="AuditSequence"/>
               <send/>
            </then>
            <else>
               <payloadFactory media-type="xml">
                  <format>
                     <AddtripResponse>
                        <Success>False</Success>
                        <TripError>
                           <ErrorCode>E01</ErrorCode>
                           <ErrorMessage>Invalid OTA xml.</ErrorMessage>
                        </TripError>
                     </AddtripResponse>
                  </format>
                  <args/>
               </payloadFactory>
               <respond/>
            </else>
         </filter>
      </inSequence>
   </resource>
   <resource methods="POST" uri-template="/pnrenricherprocessor/v1">
      <inSequence>
	<log>
            <property name="request" value="INADDTRIPAPI"/>
         </log>
         <property name="RqPayload"
                   expression="$body/child::node()"
                   scope="default"
                   type="STRING"/>
         <iterate id="pid1"
                  preservePayload="true"
                  expression="//*[local-name()='PnrEnricherProcessorRequest']/*[local-name()='rawmessages']/*[local-name()='rawmsg']"
                  sequential="true">
            <target sequence="anon">
               <sequence>
                  <property xmlns:ns="http://org.apache.synapse/xsd"
                            name="gds"
                            expression="//*[local-name()='rawmsg']/@gds"/>
                  <property xmlns:ns="http://org.apache.synapse/xsd"
                            name="recordlocator"
                            expression="//*[local-name()='rawmsg']/@recordlocator"/>
                  <property xmlns:ns="http://org.apache.synapse/xsd"
                            name="bookingpcc"
                            expression="//*[local-name()='rawmsg']/bookingpcc"/>
                  <property xmlns:ns="http://org.apache.synapse/xsd"
                            name="datacentercode"
                            expression="//*[local-name()='rawmsg']/datacentercode"/>
                  <property xmlns:ns="http://org.apache.synapse/xsd"
                            name="txndtl"
                            expression="//*[local-name()='rawmsg']/txndtl"/>
                  <property xmlns:ns="http://org.apache.synapse/xsd"
                            name="receiveddate"
                            expression="//*[local-name()='rawmsg']/receiveddate"/>
                  <property xmlns:ns="http://org.apache.synapse/xsd"
                            name="enrichmentdate"
                            expression="//*[local-name()='rawmsg']/enrichmentdate"/>
                  <payloadFactory media-type="xml">
                     <format>
                        <PNREnicherRequest xmlns="">
                           <gds>$1</gds>
                           <recordlocator>$2</recordlocator>
                           <bookingpcc>$3</bookingpcc>
                           <datacentercode>$4</datacentercode>
                           <receiveddate>$5</receiveddate>
                        </PNREnicherRequest>
                     </format>
                     <args>
                        <arg xmlns:ns="http://org.apache.synapse/xsd"
                             evaluator="xml"
                             expression="get-property('gds')"/>
                        <arg xmlns:ns="http://org.apache.synapse/xsd"
                             evaluator="xml"
                             expression="get-property('recordlocator')"/>
                        <arg xmlns:ns="http://org.apache.synapse/xsd"
                             evaluator="xml"
                             expression="get-property('bookingpcc')"/>
                        <arg xmlns:ns="http://org.apache.synapse/xsd"
                             evaluator="xml"
                             expression="get-property('datacentercode')"/>
                        <arg xmlns:ns="http://org.apache.synapse/xsd"
                             evaluator="xml"
                             expression="get-property('txndtl')"/>
                     </args>
                  </payloadFactory>
                  <header xmlns:ns="http://org.apache.synapse/xsd"
                          name="tranid"
                          scope="transport"
                          expression="$trp:tranid"/>
                  <header xmlns:ns="http://org.apache.synapse/xsd"
                          name="loglevel"
                          scope="transport"
                          expression="$trp:loglevel"/>
                  <payloadFactory media-type="xml">
                     <format>
                        <PnrEnricherResponse xmlns="">
                           <success>true</success>
                        </PnrEnricherResponse>
                     </format>
                     <args/>
                  </payloadFactory>
                  <!--                                                                                                                                                                                                                    
                     <call>                                                                                                                                                                                                                                                                    
                        <endpoint>                                                                                                                                                                                                                                                                                                      
                           <http method="POST" uri-template="http://localhost:7003/sst/v1"/>                                                                                                                                                                                                                                                                    
                        </endpoint>                                                                                                                                                                                                                                  
                     </call>  --><filter source="$body/PnrEnricherResponse/success/text()" regex="true">
                     <then>
                        <property name="GDS"
                                  expression="get-property('gds')"
                                  scope="default"
                                  type="STRING"/>
                        <property name="recordLocator"
                                  expression="get-property('recordlocator')"
                                  scope="default"
                                  type="STRING"/>
                        <class name="com.aegbt.gtr.mediate.Initialise">
                           <property name="status" value="Delivered"/>
                           <property name="processName" value="PnrEnrich"/>
                        </class>
                     </then>
                     <else/>
                  </filter>
                  <payloadFactory media-type="xml">
                     <format>
                        <rawmsg xmlns="">
                           <gds>$1</gds>
                           <recordlocator>$2</recordlocator>
                           <success>$3</success>
                        </rawmsg>
                     </format>
                     <args>
                        <arg evaluator="xml" expression="get-property('gds')"/>
                        <arg evaluator="xml" expression="get-property('recordlocator')"/>
                        <arg evaluator="xml" expression="$body/PnrEnricherResponse/success/text()"/>
                     </args>
                  </payloadFactory>
                  <aggregate id="pid1">
                     <completeCondition>
                        <messageCount min="-1" max="-1"/>
                     </completeCondition>
                     <onComplete xmlns:s11="http://schemas.xmlsoap.org/soap/envelope/"
                                 expression="//s11:Body/child::node()">
                        <payloadFactory media-type="xml">
                           <format>
                              <rawmessages>$1</rawmessages>
                           </format>
                           <args>
                              <arg evaluator="xml" expression="$body/"/>
                           </args>
                        </payloadFactory>
                        <xslt key="constructPNREnricherProcResponse"/>
                        <property name="messageType" value="application/xml" scope="axis2"/>
                        <respond/>
                     </onComplete>
                  </aggregate>
               </sequence>
            </target>
         </iterate>
      </inSequence>
   </resource>
</api>
