<api xmlns="http://ws.apache.org/ns/synapse" name="cacheService" context="/esbCache" hostname="aegbt-server2.cloudapp.net" port="8280">
   <resource methods="POST GET" uri-template="/exception/v1">
      <inSequence>
         <property name="uri.var.processName" expression="$trp:processName" scope="default" type="STRING"/>
         <cache id="001" scope="per-host" collector="false" hashGenerator="org.wso2.carbon.mediator.cache.digest.DOMHASHGenerator" timeout="120">
            <implementation type="memory" maxSize="1000"/>
         </cache>
         <header name="loglevel" scope="transport" expression="$trp:loglevel"/>
         <header name="transid" scope="transport" expression="$trp:transid"/>
         <header name="processName" scope="transport" expression="get-property('uri.var.processName')"/>
         <send>
            <endpoint key="GetExceptionConfigService"/>
         </send>
      </inSequence>
      <outSequence>
         <cache id="001" scope="per-host" collector="true"/>
         <send/>
      </outSequence>
   </resource>
</api>