<?xml version="1.0" encoding="UTF-8"?>
<api xmlns="http://ws.apache.org/ns/synapse"
     name="discoveryService"
     context="/discoveryService"
     hostname="aegbt-server2.cloudapp.net"
     port="8280">
   <resource methods="GET" uri-template="/getMSUri/v1">
      <inSequence>
	     <property name="regioncode" expression="$trp:datacenter" scope="transport" type="STRING"/>
         <property name="REST_URL_POSTFIX" scope="axis2" action="remove"/>
		 
         <log>
            <property name="log1" value="calling class mediator"/>
         </log>
         <class name="com.amex.aegtr.zookeeper.service.discovery.ServiceDiscoveryMediator">
            <property name="serviceFlag" value="all-services"/>
         </class>
         <log>
            <property name="MSContainerUri" expression="get-property('MSContainerUri')"/>
         </log>
		 <property name="uri.var.MSContainerUri" expression="get-property('MSContainerUri')"/>
         <send>
            <endpoint key="TestGetTripData"/>
         </send>
      </inSequence>
      <outSequence>
         <log>
            <property name="ORIGREQUEST 3" value="outside mediator.........."/>
         </log>
         <send/>
      </outSequence>
   </resource>
</api>
