<?xml version="1.0" encoding="UTF-8"?>
<api xmlns="http://ws.apache.org/ns/synapse"
     name="getTripId"
     context="/gettrip"
     hostname="aegbt-server2.cloudapp.net"
     port="8280">
   <resource methods="GET">
      <inSequence>
         <property name="regioncode"
                   expression="$trp:datacenter"
                   scope="transport"
                   type="STRING"/>
         <send>
            <endpoint>
               <address uri="http://aegbt-server1.cloudapp.net:8080/aegbtGetTripId-1.0-SNAPSHOT/trip"
                        format="rest"/>
            </endpoint>
         </send>
      </inSequence>
      <outSequence>
         <property name="messageType"
                   value="application/xml"
                   scope="axis2"
                   type="STRING"/>
         <send/>
      </outSequence>
   </resource>
</api>
