<?xml version="1.0" encoding="UTF-8"?>
<api xmlns="http://ws.apache.org/ns/synapse"
     name="outboundProcessorService"
     context="/outboundProcess"
     hostname="aegbt-server2.cloudapp.net"
     port="8280">
   <resource methods="POST" url-mapping="/trip/v1">
      <inSequence>
         <property name="REST_URL_POSTFIX" scope="axis2" action="remove"/>
         <property name="transId"
                   expression="$trp:tranid"
                   scope="default"
                   type="STRING"/>
         <property name="loglevel"
                   expression="$trp:loglevel"
                   scope="default"
                   type="STRING"/>
         <property name="payload"
                   expression="$body/ProcessRules/OTA_TravelItineraryRS"
                   scope="default"
                   type="STRING"/>
         <iterate xmlns:m0="http://schemas.xmlsoap.org/soap/envelope/"
                  id="iT"
                  preservePayload="true"
                  attachPath="//m0:Body"
                  expression="//ProcessRules/OTA_TravelItineraryRS/TravelItinerary/AccountProfile/ExtractProductList/Product">
            <target>
               <sequence>
                  <property name="uri.var.product"
                            expression="//m0:Body/Product"
                            scope="default"
                            type="STRING"/>
                  <enrich>
                     <source type="body" clone="true"/>
                     <target type="property" property="Request"/>
                  </enrich>
                  <header name="product"
                          scope="transport"
                          expression="get-property('uri.var.product')"/>
                  <header name="tranid"
                          scope="transport"
                          expression="get-property('transId')"/>
                  <header name="loglevel"
                          scope="transport"
                          expression="get-property('loglevel')"/>
                  <property name="Message"
                            expression="fn:concat('ProductCache', get-property('uri.var.product'))"
                            scope="default"
                            type="STRING"/>
                  <payloadFactory media-type="xml">
                     <format>
                        <Request xmlns="">$1</Request>
                     </format>
                     <args>
                        <arg evaluator="xml" expression="get-property('Message')"/>
                     </args>
                  </payloadFactory>
                  <call>
                     <endpoint key="ProductCacheAPI"/>
                  </call>
                  <payloadFactory media-type="xml">
                     <format>
                        <Payload xmlns="">$1$2</Payload>
                     </format>
                     <args>
                        <arg evaluator="xml" expression="get-property('Request')"/>
                        <arg evaluator="xml" expression="$body/child::node()"/>
                     </args>
                  </payloadFactory>
                  <xslt key="ConstructProductElementsRq"/>
                  <property name="Elements"
                            expression="//*[local-name()='TripElements']"
                            scope="default"
                            type="STRING"/>
                  <header name="tranid"
                          scope="transport"
                          expression="get-property('transId')"/>
                  <header name="loglevel"
                          scope="transport"
                          expression="get-property('loglevel')"/>
                  <log level="full">
                     <property name="PRODUCTTRIGGER RULE"
                               value="*****************************Start********************************"/>
                  </log>
                  <call>
                     <endpoint key="ProductTriggerRulesService"/>
                  </call>
                  <log level="full">
                     <property name="PRODUCTTRIGGER RULE"
                               value="*****************************END********************************"/>
                  </log>
                  <filter source="//*[local-name()='result']" regex="false">
                     <then>
                        <property name="Evaluation" value="Fail" scope="default" type="STRING"/>
                        <log>
                           <property name="PRODUCTNAME" expression="get-property('uri.var.product')"/>
                           <property name="PRODUCT EVALUATION" value="FAIL"/>
                        </log>
                     </then>
                     <else>
                        <payloadFactory media-type="xml">
                           <format>
                              <Elements xmlns="">$1</Elements>
                           </format>
                           <args>
                              <arg evaluator="xml" expression="get-property('Elements')"/>
                           </args>
                        </payloadFactory>
                        <xslt key="ConstructClientRuleRq">
                           <property name="product" expression="get-property('uri.var.product')"/>
                        </xslt>
                        <header name="Authorization"
                                scope="transport"
                                value="Basic a2lldXNlcjE6UEBzc3cwcmQxMjM="/>
                        <log level="full">
                           <property name="CLIENT RULE"
                                     value="*****************************Start********************************"/>
                        </log>
                        <call>
                           <endpoint key="ClientRulesService"/>
                        </call>
                        <property name="flag"
                                  expression="//*[local-name()='results']"
                                  scope="default"
                                  type="STRING"/>
                        <script language="js">var flag = mc.getProperty('flag');var term = "Included&gt;false";var index = flag.indexOf(term);mc.setProperty('flag1', 'false');if (index == -1) {    mc.setProperty('flag1', 'true');}</script>
                        <log level="full">
                           <property name="CLIENT RULE"
                                     value="*****************************END********************************"/>
                        </log>
                        <filter source="get-property('flag1')" regex="true">
                           <then>
                              <header name="product"
                                      scope="transport"
                                      expression="get-property('uri.var.product')"/>
                              <header name="tranid"
                                      scope="transport"
                                      expression="get-property('transId')"/>
                              <header name="loglevel"
                                      scope="transport"
                                      expression="get-property('loglevel')"/>
                              <property name="Message1"
                                        expression="fn:concat('ProductTransformation', get-property('uri.var.product'))"
                                        scope="default"
                                        type="STRING"/>
                              <payloadFactory media-type="xml">
                                 <format>
                                    <Request xmlns="">$1</Request>
                                 </format>
                                 <args>
                                    <arg evaluator="xml" expression="get-property('Message1')"/>
                                 </args>
                              </payloadFactory>
                              <call>
                                 <endpoint key="ProductTransformationAPI"/>
                              </call>
                              <property name="TransformationType"
                                        expression="//ProductsResponse/Products/Product/Transformationtype"
                                        scope="default"
                                        type="STRING"/>
                              <enrich>
                                 <source clone="true" xpath="$ctx:Request/OTA_TravelItineraryRS"/>
                                 <target type="body"/>
                              </enrich>
                              <log>
                                 <property name="*********TRANSFORAMTION TYPE*************"
                                           expression="get-property('TransformationType')"/>
                              </log>
                              <xslt key="{get-property('TransformationType')}"/>
                              <switch xmlns:ns="http://org.apache.synapse/xsd"
                                      source="get-property('TransformationType')">
                                 <case regex="T2">
                                    <class name="com.amex.Encryption"/>
                                    <log level="full">
                                       <property name="encrypted" expression="get-property('ota')"/>
                                    </log>
                                 </case>
                              </switch>
                              <log level="full">
                                 <property name="********TRANSFORAMTION COMPLETED For TYPE*********"
                                           expression="get-property('TransformationType')"/>
                              </log>
                              <log>
                                 <property name="PRODUCTNAME" expression="get-property('uri.var.product')"/>
                                 <property name="PRODUCT EVALUATION" value="PASS"/>
                              </log>
                              <property name="Evaluation" value="Pass" scope="default" type="STRING"/>
                           </then>
                           <else>
                              <property name="Evaluation" value="Fail" scope="default" type="STRING"/>
                              <log>
                                 <property name="PRODUCTNAME" expression="get-property('uri.var.product')"/>
                                 <property name="PRODUCT EVALUATION" value="FAIL"/>
                              </log>
                           </else>
                        </filter>
                     </else>
                  </filter>
                  <payloadFactory media-type="xml">
                     <format>
                        <Product xmlns="">
                           <Name>$1</Name>
                           <Result>$2</Result>
                        </Product>
                     </format>
                     <args>
                        <arg evaluator="xml" expression="get-property('uri.var.product')"/>
                        <arg evaluator="xml" expression="get-property('Evaluation')"/>
                     </args>
                  </payloadFactory>
                  <aggregate id="iT">
                     <completeCondition>
                        <messageCount min="-1" max="-1"/>
                     </completeCondition>
                     <onComplete xmlns:s11="http://schemas.xmlsoap.org/soap/envelope/"
                                 expression="//s11:Body/child::node()">
                        <payloadFactory media-type="xml">
                           <format>
                              <Response xmlns="" type="SUCCESS">$1</Response>
                           </format>
                           <args>
                              <arg evaluator="xml" expression="//*[local-name()='Body']"/>
                           </args>
                        </payloadFactory>
                        <property name="messageType" value="application/xml" scope="axis2"/>
                        <send/>
                     </onComplete>
                  </aggregate>
               </sequence>
            </target>
         </iterate>
      </inSequence>
      <outSequence>
         <aggregate>
            <completeCondition>
               <messageCount min="-1" max="-1"/>
            </completeCondition>
            <onComplete xmlns:s11="http://schemas.xmlsoap.org/soap/envelope/"
                        expression="//s11:Body/child::node()">
               <log>
                  <property name="AGGREGATPR" value="PASS"/>
               </log>
               <send/>
            </onComplete>
         </aggregate>
      </outSequence>
   </resource>
   <resource methods="POST GET" url-mapping="/productElementCache/v1">
      <inSequence>
         <property name="uri.var.productname"
                   expression="$trp:product"
                   scope="default"
                   type="STRING"/>
         <property name="transId"
                   expression="$trp:tranid"
                   scope="default"
                   type="STRING"/>
         <property name="loglevel"
                   expression="$trp:loglevel"
                   scope="default"
                   type="STRING"/>
         <log level="full">
            <property name="ELEMENT CACHE"
                      value="*****************************Start********************************"/>
         </log>
         <cache id="c1"
                scope="per-mediator"
                collector="false"
                hashGenerator="org.wso2.carbon.mediator.cache.digest.DOMHASHGenerator"
                timeout="60"
                maxMessageSize="10000">
            <implementation type="memory" maxSize="1000"/>
         </cache>
         <send>
            <endpoint key="ProductElementService"/>
         </send>
      </inSequence>
      <outSequence>
         <log level="full">
            <property name="ELEMENT CACHE"
                      value="*****************************END********************************"/>
         </log>
         <cache id="c1" scope="per-mediator" collector="true"/>
         <send/>
      </outSequence>
   </resource>
   <resource methods="POST GET" url-mapping="/productTransformationsCache/v1">
      <inSequence>
         <property name="uri.var.productname"
                   expression="$trp:product"
                   scope="default"
                   type="STRING"/>
         <property name="transId"
                   expression="$trp:tranid"
                   scope="default"
                   type="STRING"/>
         <property name="loglevel"
                   expression="$trp:loglevel"
                   scope="default"
                   type="STRING"/>
         <log level="full">
            <property name="PRODUCTTRANSFORMATION CACHE"
                      value="*****************************Start********************************"/>
         </log>
         <cache id="c2"
                scope="per-mediator"
                collector="false"
                hashGenerator="org.wso2.carbon.mediator.cache.digest.DOMHASHGenerator"
                timeout="60"
                maxMessageSize="10000">
            <implementation type="memory" maxSize="1000"/>
         </cache>
         <send>
            <endpoint key="ProductTransformationService"/>
         </send>
      </inSequence>
      <outSequence>
         <log level="full">
            <property name="PRODUCTTRANSFORMATION CACHE"
                      value="*****************************END********************************"/>
         </log>
         <cache id="c2" scope="per-host" collector="true"/>
         <send/>
      </outSequence>
   </resource>
</api>
