<?xml version="1.0" encoding="UTF-8"?>
<api xmlns="http://ws.apache.org/ns/synapse"
     name="processSegmentsService"
     context="/processSegments"
     hostname="aegbt-server2.cloudapp.net"
     port="8280">
   <resource methods="POST" url-mapping="/processTrip/v1">
      <inSequence>
         <property name="REST_URL_POSTFIX" scope="axis2" action="remove"/>
         <log>
            <property name="LOGGING" value="INSIDE INSEQUENCE"/>
         </log>
<header name="processor" scope="transport" value="AddTrip"/>
         <property name="tripId"
                   expression="$trp:tripid"
                   scope="default"
                   type="STRING"/>
         <property name="tripidStatus"
                   expression="$trp:tripIdStatus"
                   scope="default"
                   type="STRING"/>
         <property name="pnr"
                   expression="//OTA_TravelItineraryRS/PNRRef/@RecordLocator"
                   scope="default"
                   type="STRING"/>
         <property name="createdtime"
                   expression="//OTA_TravelItineraryRS/TravelItinerary/AccessHistory/Created/@Time"
                   scope="default"
                   type="STRING"/>
         <property name="modifieddate"
                   expression="//OTA_TravelItineraryRS/@TimeStamp"
                   scope="default"
                   type="STRING"/>
         <property name="source"
                   expression="//OTA_TravelItineraryRS/PNRRef/@AtlasGDS"
                   scope="default"
                   type="STRING"/>
         <property name="modifiedby"
                   expression="//OTA_TravelItineraryRS/TravelItinerary/AccessHistory/Created/Agent/@AgentId"
                   scope="default"
                   type="STRING"/>
         <property name="airCount"
                   expression="//PNRSegmentMap/AirSegment"
                   scope="default"
                   type="STRING"/>
         <property name="carCount"
                   expression="//PNRSegmentMap/CarSegment"
                   scope="default"
                   type="STRING"/>
         <property name="hotelCount"
                   expression="//PNRSegmentMap/HotelSegment"
                   scope="default"
                   type="STRING"/>
         <property name="othCount"
                   expression="//PNRSegmentMap/OtherSegment"
                   scope="default"
                   type="STRING"/>
         <property name="railCount"
                   expression="//PNRSegmentMap/RailSegment"
                   scope="default"
                   type="STRING"/>
         <property name="limoCount"
                   expression="//PNRSegmentMap/LimoSegment"
                   scope="default"
                   type="STRING"/>
         <property name="cruiseCount"
                   expression="//PNRSegmentMap/CruiseSegment"
                   scope="default"
                   type="STRING"/>
         <property name="ferryCount"
                   expression="//PNRSegmentMap/FerrySegment"
                   scope="default"
                   type="STRING"/>
         <property name="tourCount"
                   expression="//PNRSegmentMap/TourSegment"
                   scope="default"
                   type="STRING"/>
         <property name="airSeg"
                   expression="//OTA_TravelItineraryRS/TravelItinerary/ItineraryInfo/ReservationItems/Item/Air"
                   scope="default"
                   type="STRING"/>
         <property name="carSeg"
                   expression="//OTA_TravelItineraryRS/TravelItinerary/ItineraryInfo/ReservationItems/Item/Car"
                   scope="default"
                   type="STRING"/>
         <property name="hotelSeg"
                   expression="//OTA_TravelItineraryRS/TravelItinerary/ItineraryInfo/ReservationItems/Item/Hotel"
                   scope="default"
                   type="STRING"/>
         <property name="othSeg"
                   expression="//OTA_TravelItineraryRS/TravelItinerary/ItineraryInfo/ReservationItems/Item/General"
                   scope="default"
                   type="STRING"/>
         <property name="railSeg"
                   expression="//OTA_TravelItineraryRS/TravelItinerary/ItineraryInfo/ReservationItems/Item/Rail"
                   scope="default"
                   type="STRING"/>
         <property name="limoSeg"
                   expression="//OTA_TravelItineraryRS/TravelItinerary/ItineraryInfo/ReservationItems/Item/Limo"
                   scope="default"
                   type="STRING"/>
         <property name="cruiseSeg"
                   expression="//OTA_TravelItineraryRS/TravelItinerary/ItineraryInfo/ReservationItems/Item/Cruise"
                   scope="default"
                   type="STRING"/>
         <property name="ferrySeg"
                   expression="//OTA_TravelItineraryRS/TravelItinerary/ItineraryInfo/ReservationItems/Item/Ferry"
                   scope="default"
                   type="STRING"/>
         <property name="tourSeg"
                   expression="//OTA_TravelItineraryRS/TravelItinerary/ItineraryInfo/ReservationItems/Item/Tour"
                   scope="default"
                   type="STRING"/>
         <script language="js">var air = mc.getProperty('airSeg');var car = mc.getProperty('carSeg');var hotel = mc.getProperty('hotelSeg');var othSeg = mc.getProperty('othSeg');var railSeg = mc.getProperty('railSeg');var limoSeg = mc.getProperty('limoSeg');var cruiseSeg = mc.getProperty('cruiseSeg');var ferrySeg = mc.getProperty('ferrySeg');var tourSeg = mc.getProperty('tourSeg');var airCount = mc.getProperty('airCount');var carCount = mc.getProperty('carCount');var hotelCount = mc.getProperty('hotelCount');var othSegCount = mc.getProperty('othCount');var railSegCount = mc.getProperty('railCount');var limoSegCount = mc.getProperty('limoCount');var cruiseSegCount = mc.getProperty('cruiseCount');var ferrySegCount = mc.getProperty('ferryCount');var tourSegCount = mc.getProperty('tourCount');mc.setProperty('airFlag', 'false');mc.setProperty('carFlag', 'false');mc.setProperty('hotelFlag', 'false');mc.setProperty('othFlag', 'false');mc.setProperty('railFlag', 'false');mc.setProperty('limoFlag', 'false');mc.setProperty('cruiseFlag', 'false');mc.setProperty('ferryFlag', 'false');mc.setProperty('tourFlag', 'false');var airflag = 'false';var i = 5;if ((airCount != null &amp;&amp; airCount != '' &amp;&amp; airCount != '0') || (air != null &amp;&amp; air != '')) {  mc.setProperty('airFlag', 'true');    i = i + 1;}if ((carCount != null &amp;&amp; carCount != '' &amp;&amp; carCount != '0') || (car != null &amp;&amp; car != '')) {  mc.setProperty('carFlag', 'true');    i = i + 1;}if ((hotelCount != null &amp;&amp; hotelCount != '' &amp;&amp; hotelCount != '0') || (hotel != null &amp;&amp; hotel != '')) {  mc.setProperty('hotelFlag', 'true');    i = i + 1;}if ((othSegCount != null &amp;&amp; othSegCount != '' &amp;&amp; othSegCount != '0') || (othSeg != null &amp;&amp; othSeg != '')) {  mc.setProperty('othFlag', 'true');    i = i + 1;}if ((railSegCount != null &amp;&amp; railSegCount != '' &amp;&amp; railSegCount != '0') || (railSeg != null &amp;&amp; railSeg != '')) {  mc.setProperty('railFlag', 'true');    i = i + 1;}if ((limoSegCount != null &amp;&amp; limoSegCount != '' &amp;&amp; limoSegCount != '0') || (limoSeg != null &amp;&amp; limoSeg != '')) {  mc.setProperty('limoFlag', 'true');    i = i + 1;}if ((cruiseSegCount != null &amp;&amp; cruiseSegCount != '' &amp;&amp; cruiseSegCount != '0') || (cruiseSeg != null &amp;&amp; cruiseSeg != '')) {  mc.setProperty('cruiseFlag', 'true');    i = i + 1;}if ((ferrySegCount != null &amp;&amp; ferrySegCount != '' &amp;&amp; ferrySegCount != '0') || (ferrySeg != null &amp;&amp; ferrySeg != '')) {  mc.setProperty('ferryFlag', 'true');    i = i + 1;}if ((tourSegCount != null &amp;&amp; tourSegCount != '' &amp;&amp; tourSegCount != '0') || (tourSeg != null &amp;&amp; tourSeg != '')) {  mc.setProperty('tourFlag', 'true');    i = i + 1;}mc.setProperty('maxNo', i);</script>
         <clone>
            <target>
               <sequence>
                  <filter source="get-property('airFlag')" regex="true">
                     <then>
                        <log>
                           <property name="LOGGING" value="INSIDE PARALLEL TARGET 1"/>
                        </log>
                        <xslt key="ConstructAirSegmentRq">
                           <property name="pnr" expression="get-property('pnr')"/>
                           <property name="createdtime" expression="get-property('createdtime')"/>
                           <property name="modifieddate" expression="get-property('modifieddate')"/>
                           <property name="source" expression="get-property('source')"/>
                           <property name="modifiedby" expression="get-property('modifiedby')"/>
                           <property name="tripId" expression="get-property('tripId')"/>
                           <property name="tripIdStatus" expression="get-property('tripidStatus')"/>
                        </xslt>
                        <log level="full">
                           <property name="LOGGING" value="BEFORE CALLING SERVICE 1"/>
                           <property name="MAXNOO" expression="get-property('maxNo')"/>
                        </log>
                        <send>
                           <endpoint key="ProcessAirSegmentService"/>
                        </send>
                        <log>
                           <property name="LOGGING" value="AFTER Calling SERVICE 1"/>
                        </log>
                     </then>
                     <else>
                        <drop/>
                     </else>
                  </filter>
               </sequence>
            </target>
            <target>
               <sequence>
                  <filter source="get-property('hotelFlag')" regex="true">
                     <then>
                        <log>
                           <property name="LOGGING" value="INSIDE PARALLEL TARGET 2"/>
                        </log>
                        <xslt key="ConstructHotelSegmentRq">
                           <property name="segment" value="Hotel"/>
                           <property name="pnr" expression="get-property('pnr')"/>
                           <property name="createdtime" expression="get-property('createdtime')"/>
                           <property name="modifieddate" expression="get-property('modifieddate')"/>
                           <property name="source" expression="get-property('source')"/>
                           <property name="modifiedby" expression="get-property('modifiedby')"/>
                           <property name="tripId" expression="get-property('tripId')"/>
                           <property name="tripIdStatus" expression="get-property('tripidStatus')"/>
                        </xslt>
                        <log level="full">
                           <property name="LOGGING" value="BEFORE CALLING SERVICE 2"/>
                        </log>
                        <send>
                           <endpoint key="ProcessHotelSegmentService"/>
                        </send>
                        <log>
                           <property name="LOGGING" value="AFTER CALLING SERVICE 2"/>
                        </log>
                     </then>
                     <else>
                        <drop/>
                     </else>
                  </filter>
               </sequence>
            </target>
            <target>
               <sequence>
                  <filter source="get-property('carFlag')" regex="true">
                     <then>
                        <log>
                           <property name="LOGGING" value="INSIDE PARALLEL TARGET 3"/>
                        </log>
                        <xslt key="ConstructCarSegmentRq">
                           <property name="segment" value="Car"/>
                           <property name="pnr" expression="get-property('pnr')"/>
                           <property name="createdtime" expression="get-property('createdtime')"/>
                           <property name="modifieddate" expression="get-property('modifieddate')"/>
                           <property name="source" expression="get-property('source')"/>
                           <property name="modifiedby" expression="get-property('modifiedby')"/>
                           <property name="tripId" expression="get-property('tripId')"/>
                           <property name="tripIdStatus" expression="get-property('tripidStatus')"/>
                        </xslt>
                        <log level="full">
                           <property name="LOGGING" value="BEFORE CALLING SERVICE 3"/>
                        </log>
                        <send>
                           <endpoint key="ProcessCarSegmentService"/>
                        </send>
                        <log>
                           <property name="LOGGING" value="AFTER CALLING SERVICE 3"/>
                        </log>
                     </then>
                     <else>
                        <drop/>
                     </else>
                  </filter>
               </sequence>
            </target>
            <target>
               <sequence>
                  <filter source="get-property('railFlag')" regex="true">
                     <then>
                        <log>
                           <property name="LOGGING" value="INSIDE PARALLEL TARGET 4"/>
                        </log>
                        <xslt key="ConstructRailSegmentReq">
                           <property name="segment" value="Rail"/>
                           <property name="pnr" expression="get-property('pnr')"/>
                           <property name="createdtime" expression="get-property('createdtime')"/>
                           <property name="modifieddate" expression="get-property('modifieddate')"/>
                           <property name="source" expression="get-property('source')"/>
                           <property name="modifiedby" expression="get-property('modifiedby')"/>
                           <property name="tripId" expression="get-property('tripId')"/>
                           <property name="tripIdStatus" expression="get-property('tripidStatus')"/>
                        </xslt>
                        <log level="full">
                           <property name="LOGGING" value="BEFORE CALLING SERVICE 4"/>
                        </log>
                        <send>
                           <endpoint key="ProcessRailSegmentService"/>
                        </send>
                        <log>
                           <property name="LOGGING" value="AFTER CALLING SERVICE 4"/>
                        </log>
                     </then>
                     <else>
                        <drop/>
                     </else>
                  </filter>
               </sequence>
            </target>
            <target>
               <sequence>
                  <log>
                     <property name="LOGGING" value="INSIDE PARALLEL TARGET 5"/>
                  </log>
                  <xslt key="ConstructCustomerInfoReq">
                     <property name="segment" value="CustomerInfo"/>
                     <property name="pnr" expression="get-property('pnr')"/>
                     <property name="createdtime" expression="get-property('createdtime')"/>
                     <property name="modifieddate" expression="get-property('modifieddate')"/>
                     <property name="source" expression="get-property('source')"/>
                     <property name="modifiedby" expression="get-property('modifiedby')"/>
                     <property name="tripId" expression="get-property('tripId')"/>
                     <property name="tripIdStatus" expression="get-property('tripidStatus')"/>
                  </xslt>
                  <log level="full">
                     <property name="LOGGING" value="BEFORE CALLING SERVICE 5"/>
                  </log>
                  <send>
                     <endpoint key="ProcessCustomerInfoService"/>
                  </send>
                  <log>
                     <property name="LOGGING" value="AFTER CALLING SERVICE 5"/>
                  </log>
               </sequence>
            </target>
            <target>
               <sequence>
                  <filter source="get-property('ferryFlag')" regex="true">
                     <then>
                        <log>
                           <property name="LOGGING" value="INSIDE PARALLEL TARGET 6"/>
                        </log>
                        <xslt key="ConstructFerrySegmentReq">
                           <property name="segment" value="Ferry"/>
                           <property name="pnr" expression="get-property('pnr')"/>
                           <property name="createdtime" expression="get-property('createdtime')"/>
                           <property name="modifieddate" expression="get-property('modifieddate')"/>
                           <property name="source" expression="get-property('source')"/>
                           <property name="modifiedby" expression="get-property('modifiedby')"/>
                           <property name="tripId" expression="get-property('tripId')"/>
                           <property name="tripIdStatus" expression="get-property('tripidStatus')"/>
                        </xslt>
                        <log level="full">
                           <property name="LOGGING" value="BEFORE CALLING SERVICE 6"/>
                        </log>
                        <send>
                           <endpoint key="ProcessFerrySegmentService"/>
                        </send>
                        <log>
                           <property name="LOGGING" value="AFTER CALLING SERVICE 6"/>
                        </log>
                     </then>
                     <else>
                        <drop/>
                     </else>
                  </filter>
               </sequence>
            </target>
            <target>
               <sequence>
                  <filter source="get-property('cruiseFlag')" regex="true">
                     <then>
                        <log>
                           <property name="LOGGING" value="INSIDE PARALLEL TARGET 7"/>
                        </log>
                        <xslt key="ConstructCruiseSegmentRq">
                           <property name="segment" value="Cruise"/>
                           <property name="pnr" expression="get-property('pnr')"/>
                           <property name="createdtime" expression="get-property('createdtime')"/>
                           <property name="modifieddate" expression="get-property('modifieddate')"/>
                           <property name="source" expression="get-property('source')"/>
                           <property name="modifiedby" expression="get-property('modifiedby')"/>
                           <property name="tripId" expression="get-property('tripId')"/>
                           <property name="tripIdStatus" expression="get-property('tripidStatus')"/>
                        </xslt>
                        <log level="full">
                           <property name="LOGGING" value="BEFORE CALLING SERVICE 7"/>
                        </log>
                        <send>
                           <endpoint key="ProcessCruiseSegmentService"/>
                        </send>
                        <log>
                           <property name="LOGGING" value="AFTER CALLING SERVICE 7"/>
                        </log>
                     </then>
                     <else>
                        <drop/>
                     </else>
                  </filter>
               </sequence>
            </target>
            <target>
               <sequence>
                  <log>
                     <property name="LOGGING" value="INSIDE PARALLEL TARGET 8"/>
                  </log>
                  <xslt key="ConstructAirTicketSegmentRq">
                     <property name="segment" value="AirTicketList"/>
                     <property name="pnr" expression="get-property('pnr')"/>
                     <property name="createdtime" expression="get-property('createdtime')"/>
                     <property name="modifieddate" expression="get-property('modifieddate')"/>
                     <property name="source" expression="get-property('source')"/>
                     <property name="modifiedby" expression="get-property('modifiedby')"/>
                     <property name="tripId" expression="get-property('tripId')"/>
                     <property name="tripIdStatus" expression="get-property('tripidStatus')"/>
                  </xslt>
                  <log level="full">
                     <property name="LOGGING" value="BEFORE CALLING SERVICE 8"/>
                  </log>
                  <send>
                     <endpoint key="ProcessAirTicketListService"/>
                  </send>
                  <log>
                     <property name="LOGGING" value="AFTER CALLING SERVICE 8"/>
                  </log>
               </sequence>
            </target>
            <target>
               <sequence>
                  <log>
                     <property name="LOGGING" value="INSIDE PARALLEL TARGET 9"/>
                  </log>
                  <xslt key="ConstructStoredFareSegmentRq">
                     <property name="segment" value="StoredFare"/>
                     <property name="pnr" expression="get-property('pnr')"/>
                     <property name="createdtime" expression="get-property('createdtime')"/>
                     <property name="modifieddate" expression="get-property('modifieddate')"/>
                     <property name="source" expression="get-property('source')"/>
                     <property name="modifiedby" expression="get-property('modifiedby')"/>
                     <property name="tripId" expression="get-property('tripId')"/>
                     <property name="tripIdStatus" expression="get-property('tripidStatus')"/>
                  </xslt>
                  <log level="full">
                     <property name="LOGGING" value="BEFORE CALLING SERVICE 9"/>
                  </log>
                  <send>
                     <endpoint key="ProcessStoredFareListService"/>
                  </send>
                  <log>
                     <property name="LOGGING" value="AFTER CALLING SERVICE 9"/>
                  </log>
               </sequence>
            </target>
            <target>
               <sequence>
                  <filter source="get-property('limoFlag')" regex="true">
                     <then>
                        <log>
                           <property name="LOGGING" value="INSIDE PARALLEL TARGET 10"/>
                        </log>
                        <xslt key="ConstructLimoSegmentRq">
                           <property name="pnr" expression="get-property('pnr')"/>
                           <property name="createdtime" expression="get-property('createdtime')"/>
                           <property name="modifieddate" expression="get-property('modifieddate')"/>
                           <property name="source" expression="get-property('source')"/>
                           <property name="modifiedby" expression="get-property('modifiedby')"/>
                           <property name="tripId" expression="get-property('tripId')"/>
                           <property name="tripIdStatus" expression="get-property('tripidStatus')"/>
                        </xslt>
                        <log level="full">
                           <property name="LOGGING" value="BEFORE CALLING SERVICE 10"/>
                        </log>
                        <send>
                           <endpoint key="ProcessLimoSegmentService"/>
                        </send>
                        <log>
                           <property name="LOGGING" value="AFTER CALLING SERVICE 10"/>
                        </log>
                     </then>
                     <else>
                        <drop/>
                     </else>
                  </filter>
               </sequence>
            </target>
            <target>
               <sequence>
                  <filter source="get-property('tourFlag')" regex="true">
                     <then>
                        <log>
                           <property name="LOGGING" value="INSIDE PARALLEL TARGET 11"/>
                        </log>
                        <xslt key="ConstructTourSegmentRq">
                           <property name="pnr" expression="get-property('pnr')"/>
                           <property name="createdtime" expression="get-property('createdtime')"/>
                           <property name="modifieddate" expression="get-property('modifieddate')"/>
                           <property name="source" expression="get-property('source')"/>
                           <property name="modifiedby" expression="get-property('modifiedby')"/>
                           <property name="tripId" expression="get-property('tripId')"/>
                           <property name="tripIdStatus" expression="get-property('tripidStatus')"/>
                        </xslt>
                        <log level="full">
                           <property name="LOGGING" value="BEFORE CALLING SERVICE 11"/>
                        </log>
                        <send>
                           <endpoint key="ProcessTourSegmentService"/>
                        </send>
                        <log>
                           <property name="LOGGING" value="AFTER CALLING SERVICE 11"/>
                        </log>
                     </then>
                     <else>
                        <drop/>
                     </else>
                  </filter>
               </sequence>
            </target>
            <target>
               <sequence>
                  <log>
                     <property name="LOGGING" value="INSIDE PARALLEL TARGET 12"/>
                  </log>
                  <xslt key="ConstructAccountProfileSegmentRq">
                     <property name="pnr" expression="get-property('pnr')"/>
                     <property name="createdtime" expression="get-property('createdtime')"/>
                     <property name="modifieddate" expression="get-property('modifieddate')"/>
                     <property name="source" expression="get-property('source')"/>
                     <property name="modifiedby" expression="get-property('modifiedby')"/>
                     <property name="tripId" expression="get-property('tripId')"/>
                     <property name="tripIdStatus" expression="get-property('tripidStatus')"/>
                  </xslt>
                  <log level="full">
                     <property name="LOGGING" value="BEFORE CALLING SERVICE 12"/>
                  </log>
                  <send>
                     <endpoint key="ProcessAccountProfileService"/>
                  </send>
                  <log>
                     <property name="LOGGING" value="AFTER CALLING SERVICE 12"/>
                  </log>
               </sequence>
            </target>
            <target>
               <sequence>
                  <log>
                     <property name="LOGGING" value="INSIDE PARALLEL TARGET 13"/>
                  </log>
                  <xslt key="ConstructInvoiceRemarkSegmentRq">
                     <property name="pnr" expression="get-property('pnr')"/>
                     <property name="createdtime" expression="get-property('createdtime')"/>
                     <property name="modifieddate" expression="get-property('modifieddate')"/>
                     <property name="source" expression="get-property('source')"/>
                     <property name="modifiedby" expression="get-property('modifiedby')"/>
                     <property name="tripId" expression="get-property('tripId')"/>
                     <property name="tripIdStatus" expression="get-property('tripidStatus')"/>
                  </xslt>
                  <log level="full">
                     <property name="LOGGING" value="BEFORE CALLING SERVICE 13"/>
                  </log>
                  <send>
                     <endpoint key="ProcessInvoiceRemarkListService"/>
                  </send>
                  <log>
                     <property name="LOGGING" value="AFTER CALLING SERVICE 13"/>
                  </log>
               </sequence>
            </target>
            <target>
               <sequence>
                  <filter source="get-property('othFlag')" regex="true">
                     <then>
                        <log>
                           <property name="LOGGING" value="INSIDE PARALLEL TARGET 14"/>
                        </log>
                        <xslt key="ConstructOtherSegmentRq">
                           <property name="pnr" expression="get-property('pnr')"/>
                           <property name="createdtime" expression="get-property('createdtime')"/>
                           <property name="modifieddate" expression="get-property('modifieddate')"/>
                           <property name="source" expression="get-property('source')"/>
                           <property name="modifiedby" expression="get-property('modifiedby')"/>
                           <property name="tripId" expression="get-property('tripId')"/>
                           <property name="tripIdStatus" expression="get-property('tripidStatus')"/>
                        </xslt>
                        <log level="full">
                           <property name="LOGGING" value="BEFORE CALLING SERVICE 14"/>
                        </log>
                        <send>
                           <endpoint key="ProcessOtherSegmentService"/>
                        </send>
                        <log>
                           <property name="LOGGING" value="AFTER CALLING SERVICE 14"/>
                        </log>
                     </then>
                     <else>
                        <drop/>
                     </else>
                  </filter>
               </sequence>
            </target>
         </clone>
      </inSequence>
      <outSequence>
         <log level="full">
            <property name="LOGGING" value="INSIDE OUTSEQUENCE"/>
         </log>
         <aggregate>
            <completeCondition>
               <messageCount min="{get-property('maxNo')}" max="{get-property('maxNo')}"/>
            </completeCondition>
            <onComplete xmlns:s11="http://schemas.xmlsoap.org/soap/envelope/"
                        expression="//s11:Body/child::node()">
               <log level="full">
                  <property name="LOGGIGNG" value="INSIDE AGGREGAOR"/>
               </log>
               <payloadFactory media-type="xml">
                  <format>
                     <Aggregation xmlns="">$1</Aggregation>
                  </format>
                  <args>
                     <arg evaluator="xml" expression="$body"/>
                  </args>
               </payloadFactory>
               <xslt key="constructSegmentRs">
                  <property name="pnr" expression="get-property('pnr')"/>
                  <property name="createdtime" expression="get-property('createdtime')"/>
                  <property name="modifieddate" expression="get-property('modifieddate')"/>
                  <property name="source" expression="get-property('source')"/>
                  <property name="modifiedby" expression="get-property('modifiedby')"/>
                  <property name="tripId" expression="get-property('tripId')"/>
                  <property name="tripIdStatus" expression="get-property('tripidStatus')"/>
                  <property name="ItineraryTriggerChange" value="False"/>
                  <property name="TriggerChange" value="False"/>
               </xslt>
               <send/>
            </onComplete>
         </aggregate>
      </outSequence>
   </resource>
</api>
