<?xml version="1.0" encoding="UTF-8"?>
<api xmlns="http://ws.apache.org/ns/synapse"
     name="rawMessageProcessorService"
     context="/rawMessageProcessor"
     hostname="aegbt-server2.cloudapp.net"
     port="8280">
   <resource methods="POST" uri-template="/processor/v1" faultSequence="fault">
      <inSequence>
         <property xmlns:ns="http://org.apache.synapse/xsd"
                   name="RawMsgProcessorRequest"
                   expression="$body"
                   scope="default"
                   type="STRING"/>
         <log>
            <property xmlns:ns="http://org.apache.synapse/xsd"
                      name="********Log- RawMsgProcessorRequest***************"
                      expression="get-property('RawMsgProcessorRequest')"/>
         </log>
         <property name="REST_URL_POSTFIX" scope="axis2" action="remove"/>
         <property xmlns:ns="http://org.apache.synapse/xsd"
                   name="startTime"
                   expression="get-property(&#34;SYSTEM_DATE&#34; ,&#34;yyyy/MM/dd - HH:mm:ss.SSS&#34;)"
                   scope="default"
                   type="STRING"/>
         <property name="payloadRq"
                   expression="$body/child::node()"
                   scope="default"
                   type="STRING"/>
         <property name="service"
                   value="DTRGTRPNRCheck"
                   scope="default"
                   type="STRING"/>
         <property name="step"
                   value="ESB DTRGTRPNRCheck"
                   scope="default"
                   type="STRING"/>
         <property name="clientId"
                   expression="$body/RawMessageProcessorRequest/ClientIDProperties/@Id"
                   scope="default"
                   type="STRING"/>
         <property name="Success" value="false" scope="default" type="BOOLEAN"/>
         <property name="processorSuccess"
                   value="true"
                   scope="default"
                   type="BOOLEAN"/>
         <property name="transId"
                   expression="$trp:tranid"
                   scope="default"
                   type="STRING"/>
         <property name="loglevel"
                   expression="$trp:loglevel"
                   scope="default"
                   type="STRING"/>
         <property name="regioncode"
                   expression="$trp:datacenter"
                   scope="default"
                   type="STRING"/>
         <property name="system"
                   expression="$trp:system"
                   scope="default"
                   type="STRING"/>
         <property name="ProcessName"
                   value="RawMsgProcessor"
                   scope="default"
                   type="STRING"/>
         <property name="restartpoint" value="RP1" scope="default" type="STRING"/>
         <enrich>
            <source type="body" clone="true"/>
            <target type="property" property="Request"/>
         </enrich>
         <property name="GTRPilot"
                   expression="$body/RawMessageProcessorRequest/ClientIDProperties/GTRPilot"
                   scope="default"
                   type="STRING"/>
         <log>
            <property name="GTRPilot" expression="get-property('GTRPilot')"/>
         </log>
         <filter source="get-property('GTRPilot')" regex="GTR">
            <then>
               <payloadFactory media-type="xml">
                  <format>
                     <DTRGTRPNRCheck xmlns="">
                        <Result>Source is GTR spedific raw data </Result>
                     </DTRGTRPNRCheck>
                  </format>
                  <args/>
               </payloadFactory>
               <property name="successFlag"
                         value="Success"
                         scope="default"
                         type="STRING"/>
               <property name="AsyncFlag" value="true" scope="default" type="STRING"/>
               <sequence key="AuditSequence"/>
               <enrich>
                  <source type="property" clone="true" property="Request"/>
                  <target type="body"/>
               </enrich>
               <log>
                  <property name="DTR-PNR-CHECK"
                            value="******************* Source is GTR spedific raw data *******************"/>
               </log>
               <property name="RawXML" expression="$body" scope="default" type="STRING"/>
               <property name="gds"
                         expression="$body/RawMessageProcessorRequest/source"
                         scope="default"
                         type="STRING"/>
               <property name="recordLocator"
                         expression="$body/RawMessageProcessorRequest/recordLocator"
                         scope="default"
                         type="STRING"/>
               <xslt key="TransformRawmsgRequest">
                  <property name="RawXML" expression="get-property('RawXML')"/>
                  <property name="gds" expression="get-property('gds')"/>
                  <property name="recordLocator" expression="get-property('recordLocator')"/>
               </xslt>
               <log>
                  <property name="TransformRawmsgRequest" expression="$body"/>
               </log>
               <property name="ComponentName"
                         value="TransformRawMsg"
                         scope="default"
                         type="STRING"/>
               <property name="FORCE_SC_ACCEPTED"
                         value="false"
                         scope="axis2"
                         type="STRING"/>
               <property name="OUT_ONLY" value="false" scope="default" type="STRING"/>
               <call>
                  <endpoint key="TransformRawMsgService"/>
               </call>
               <property xmlns:ns="http://org.apache.synapse/xsd"
                         name="transformflag"
                         expression="$body/TransformRawmsgResponse/Success/text()"
                         scope="default"
                         type="STRING"/>
               <filter source="get-property('transformflag')" regex="True">
                  <then>
                     <property name="OTA_XML"
                               expression="$body/TransformRawmsgResponse/Otamsg/OTA_TravelItineraryRS"
                               scope="default"
                               type="STRING"/>
                     <log>
                        <property name="******* Transformed OTA*******"
                                  expression="get-property('OTA_XML')"/>
                     </log>
                     <property name="uri.var.createdDate"
                               expression="$body/TransformRawmsgResponse/Otamsg/OTA_TravelItineraryRS/TravelItinerary/AccessHistory/Created/@Time"
                               scope="default"
                               type="STRING"/>
                     <property name="uri.var.source"
                               expression="$body/TransformRawmsgResponse/Otamsg/OTA_TravelItineraryRS/PNRRef/@AtlasGDS"
                               scope="default"
                               type="STRING"/>
                     <property name="uri.var.recordLoc"
                               expression="$body/TransformRawmsgResponse/Otamsg/OTA_TravelItineraryRS/PNRRef/@RecordLocator"
                               scope="default"
                               type="STRING"/>
                     <header name="tranid"
                             scope="transport"
                             expression="get-property('transId')"/>
                     <header name="loglevel"
                             scope="transport"
                             expression="get-property('loglevel')"/>
                     <header name="regioncode"
                             scope="transport"
                             expression="get-property('regioncode')"/>
                     <header name="system" scope="transport" expression="get-property('system')"/>
                     <header name="origin" scope="transport" value="storerawmessage"/>
                     <header name="processor" scope="transport" value="RawMsgProcessor"/>
                     <property name="ComponentName"
                               value="GetTripID"
                               scope="default"
                               type="STRING"/>
                     <enrich>
                        <source clone="true"
                                xpath="$body/TransformRawmsgResponse/Otamsg/OTA_TravelItineraryRS"/>
                        <target type="property" property="ORIGREQUEST"/>
                     </enrich>
                     <call>
                        <endpoint key="GetTripDataService"/>
                     </call>
                     <property xmlns:ns="http://org.apache.synapse/xsd"
                               name="tripflag"
                               expression="$body/tripDataResponse/Success/text()"
                               scope="default"
                               type="STRING"/>
                     <filter source="get-property('tripflag')" regex="True">
                        <then>
                           <log>
                              <property name="GetTripDataService" expression="$body"/>
                           </log>
                           <property name="ComponentName"
                                     value="UpdateTraveler"
                                     scope="default"
                                     type="STRING"/>
                           <sequence key="UpdateTravelerSequence"/>
                           <property name="ComponentName"
                                     value="EnrichTrip"
                                     scope="default"
                                     type="STRING"/>
                           <sequence key="EnrichTripSequence"/>
                           <property name="ComponentName"
                                     value="UpdateTripAndTripHistory"
                                     scope="default"
                                     type="STRING"/>
                           <property xmlns:ns="http://org.apache.synapse/xsd"
                                     name="Success"
                                     expression="$body/EnrichTripResponse/Success/text()"
                                     scope="default"
                                     type="STRING"/>
                           <log>
                              <property name="********Enrich Trip Resposne*******" expression="$body"/>
                              <property name="Log" value="**********Inside update trip sequence***************"/>
                           </log>
                           <filter xmlns:ns="http://org.apache.synapse/xsd"
                                   source="get-property('Success')"
                                   regex="True">
                              <then>
                                 <enrich>
                                    <source clone="true"
                                            xpath="$body/EnrichTripResponse/TripMessage/OTA_TravelItineraryRS"/>
                                    <target type="body"/>
                                 </enrich>
                                 <property name="messageType" value="application/xml" scope="axis2"/>
                                 <header name="tranid"
                                         scope="transport"
                                         expression="get-property('transId')"/>
                                 <header name="loglevel"
                                         scope="transport"
                                         expression="get-property('loglevel')"/>
                                 <header name="regioncode"
                                         scope="transport"
                                         expression="get-property('regioncode')"/>
                                 <header name="system" scope="transport" expression="get-property('system')"/>
                                 <header name="origin" scope="transport" value="storerawmessage"/>
                                 <log>
                                    <property name="********Request For Update Trip and TripHistory Service*******"
                                              expression="$body"/>
                                 </log>
                                 <call>
                                    <endpoint key="UpdateTripandTripHistoryService"/>
                                 </call>
                                 <property name="updatetripflag"
                                           expression="$body/updatetripandtriphistoryResponse/Success/text()"
                                           scope="default"
                                           type="STRING"/>
                                 <filter source="get-property('updatetripflag')" regex="True">
                                    <then>
                                       <log>
                                          <property name="********Response Of Update Trip and TripHistory Service*******"
                                                    expression="$body"/>
                                       </log>
                                       <property name="successFlag"
                                                 value="Success"
                                                 scope="default"
                                                 type="STRING"/>
                                       <property name="AsyncFlag" value="true" scope="default" type="STRING"/>
                                       <property name="ComponentName"
                                                 value="Audit"
                                                 scope="default"
                                                 type="STRING"/>
                                       <property name="service"
                                                 value="RawMessageProcessor"
                                                 scope="default"
                                                 type="STRING"/>
                                       <property name="step"
                                                 value="ESB RawMessageProcessor"
                                                 scope="default"
                                                 type="STRING"/>
                                       <payloadFactory media-type="xml">
                                          <format>
                                             <RawMessageProcessorResponse>
                                                <Success>$1</Success>
                                                <TransactionId>$2</TransactionId>
                                             </RawMessageProcessorResponse>
                                          </format>
                                          <args>
                                             <arg evaluator="xml" expression="get-property('processorSuccess')"/>
                                             <arg evaluator="xml" expression="get-property('transId')"/>
                                          </args>
                                       </payloadFactory>
                                       <sequence key="AuditSequence"/>
                                    </then>
                                    <else>
                                       <sequence key="MSFaultSequence"/>
                                    </else>
                                 </filter>
                              </then>
                           </filter>
                        </then>
                        <else>
                           <sequence key="MSFaultSequence"/>
                        </else>
                     </filter>
                  </then>
                  <else>
                     <sequence key="MSFaultSequence"/>
                  </else>
               </filter>
            </then>
            <else>
               <property name="service"
                         value="DTRGTRPNRCheck"
                         scope="default"
                         type="STRING"/>
               <property name="step"
                         value="ESB DTRGTRPNRCheck"
                         scope="default"
                         type="STRING"/>
               <property name="Success" value="false" scope="default" type="BOOLEAN"/>
               <payloadFactory media-type="xml">
                  <format>
                     <DTRGTRPNRCheck xmlns="">
                        <Result>Source is DTR spedific raw data </Result>
                     </DTRGTRPNRCheck>
                  </format>
                  <args/>
               </payloadFactory>
               <property name="successFlag"
                         value="Success"
                         scope="default"
                         type="STRING"/>
               <property name="AsyncFlag" value="true" scope="default" type="STRING"/>
               <sequence key="AuditSequence"/>
               <log>
                  <property name="DTR-PNR-CHECK"
                            value="******************* Source is not GTR spedific raw data *******************"/>
               </log>
            </else>
         </filter>
         <payloadFactory media-type="xml">
            <format>
               <RawMessageProcessorResponse xmlns="">
                  <Success>$1</Success>
                  <TransactionId>$2</TransactionId>
               </RawMessageProcessorResponse>
            </format>
            <args>
               <arg evaluator="xml" expression="get-property('processorSuccess')"/>
               <arg evaluator="xml" expression="get-property('transId')"/>
            </args>
         </payloadFactory>
         <log>
            <property name="After payload" expression="$body"/>
         </log>
         <respond/>
      </inSequence>
   </resource>
</api>
