<?xml version="1.0" encoding="UTF-8"?>
<localEntry xmlns="http://ws.apache.org/ns/synapse" key="checkProcessTripResponse">
   <xsl:stylesheet xmlns:xsl="http://www.w3.org/1999/XSL/Transform"
                   xmlns:fn="http://www.w3.org/2005/02/xpath-functions"
                   xmlns:m0="http://services.samples"
                   version="2.0"
                   exclude-result-prefixes="m0 fn">
      <xsl:output method="xml" omit-xml-declaration="yes" indent="yes"/>
      <xsl:template match="/">
         <ProcessTripXSLTResponse>
            <xsl:variable name="ErrorNode">
               <xsl:if test="//*[local-name()='TripTriggerChangeXMLRS']/*[local-name()='Error']">
                  <status>false</status>
                  <xsl:copy-of select="//*[local-name()='TripTriggerChangeXMLRS']/*[local-name()='Error'][child::node()]"/>
               </xsl:if>
            </xsl:variable>
            <xsl:choose>
               <xsl:when test="$ErrorNode/*[local-name()='Error']">
                  <xsl:copy-of select="$ErrorNode"/>
               </xsl:when>
               <xsl:otherwise>
                  <status>true</status>
               </xsl:otherwise>
            </xsl:choose>
         </ProcessTripXSLTResponse>
      </xsl:template>
   </xsl:stylesheet>
   <description/>
</localEntry>
