<?xml version="1.0" encoding="UTF-8"?>
<localEntry xmlns="http://ws.apache.org/ns/synapse" key="ConstructProductElementsRq">
   <xsl:stylesheet xmlns:xsl="http://www.w3.org/1999/XSL/Transform" version="2.0">
      <xsl:output omit-xml-declaration="yes" indent="yes"/>
      <xsl:strip-space elements="*"/>
      <xsl:template match="/">
         <ExecuteProductTriggerRuleRequest>
            <ProductName>
               <xsl:value-of select="//Payload/Getelementsresponse/Productname"/>
            </ProductName>
            <TripElements>
               <xsl:for-each select="//Payload/Getelementsresponse/Elements/Element">
                  <xsl:element name="{.}">
                     <xsl:call-template name="GetXPathValue">
                        <xsl:with-param name="pExpression" select="@path"/>
                        <xsl:with-param name="pCurrentNode" select="//Payload/ProcessRules"/>
                     </xsl:call-template>
                  </xsl:element>
               </xsl:for-each>
            </TripElements>
            <TripTrigger>
               <xsl:copy-of select="//Payload/ProcessRules/TripTriggerChange"/>
            </TripTrigger>
         </ExecuteProductTriggerRuleRequest>
      </xsl:template>
      <xsl:template name="GetXPathValue">
         <xsl:param name="pExpression"/>
         <xsl:param name="pCurrentNode"/>
         <xsl:choose>
            <xsl:when test="not(contains($pExpression, '/')) and not(contains($pExpression, '@'))">
               <xsl:choose>
                  <xsl:when test="$pExpression='Hotel'">
                     <xsl:if test="$pCurrentNode/*[local-name()=$pExpression]">
                        <xsl:value-of select="'True'"/>
                     </xsl:if>
                  </xsl:when>
                  <xsl:otherwise>
                     <xsl:value-of select="$pCurrentNode/*[local-name()=$pExpression]"/>
                  </xsl:otherwise>
               </xsl:choose>
            </xsl:when>
            <xsl:when test="not(contains($pExpression, '/')) and contains($pExpression, '@')">
               <xsl:value-of select="$pCurrentNode[1]"/>
            </xsl:when>
            <xsl:otherwise>
               <xsl:choose>
                  <xsl:when test="not(contains(substring-after($pExpression, '/'), '/')) and contains(substring-after($pExpression, '/'), '@')">
                     <xsl:call-template name="GetXPathValue">
                        <xsl:with-param name="pExpression" select="substring-after($pExpression, '/')"/>
                        <xsl:with-param name="pCurrentNode"
                                        select="$pCurrentNode/*[local-name()=substring-before($pExpression, '/')]/@*[local-name()=substring-after($pExpression, '/@')]"/>
                     </xsl:call-template>
                  </xsl:when>
                  <xsl:otherwise>
                     <xsl:call-template name="GetXPathValue">
                        <xsl:with-param name="pExpression" select="substring-after($pExpression, '/')"/>
                        <xsl:with-param name="pCurrentNode"
                                        select="$pCurrentNode/*[local-name()=substring-before($pExpression, '/')]"/>
                     </xsl:call-template>
                  </xsl:otherwise>
               </xsl:choose>
            </xsl:otherwise>
         </xsl:choose>
      </xsl:template>
   </xsl:stylesheet>
   <description/>
</localEntry>
