<?xml version="1.0" encoding="UTF-8"?>
<localEntry xmlns="http://ws.apache.org/ns/synapse" key="constructSegmentRs">
   <xsl:stylesheet xmlns:xsl="http://www.w3.org/1999/XSL/Transform"
                   xmlns:fn="http://www.w3.org/2005/02/xpath-functions"
                   xmlns:m0="http://schemas.xmlsoap.org/soap/envelope/"
                   version="2.0"
                   exclude-result-prefixes="m0 fn">
      <xsl:output method="xml" omit-xml-declaration="yes" indent="yes"/>
      <xsl:param name="pnr"/>
      <xsl:param name="createdtime"/>
      <xsl:param name="modifieddate"/>
      <xsl:param name="source"/>
      <xsl:param name="modifiedby"/>
      <xsl:param name="tripId"/>
      <xsl:param name="tripIdStatus"/>
      <xsl:param name="ItineraryTriggerChange"/>
      <xsl:param name="TriggerChange"/>
      <xsl:template match="/">
         <xsl:variable name="AirErrorNode">
            <xsl:for-each select="//ProcessAirSegmentResponse[contains(Success, 'false')]">
               <TripError>
                  <xsl:copy-of select="*[local-name()='TripError']/child::node()"/>
               </TripError>
            </xsl:for-each>
         </xsl:variable>
         <xsl:variable name="CarErrorNode">
            <xsl:for-each select="//ProcessCarSegmentResponse[contains(Success, 'false')]">
               <TripError>
                  <xsl:copy-of select="*[local-name()='TripError']/child::node()"/>
               </TripError>
            </xsl:for-each>
         </xsl:variable>
         <xsl:variable name="HotelErrorNode">
            <xsl:for-each select="//ProcessHotelSegmentResponse[contains(Success, 'false')]">
               <TripError>
                  <xsl:copy-of select="*[local-name()='TripError']/child::node()"/>
               </TripError>
            </xsl:for-each>
         </xsl:variable>
         <xsl:variable name="StoreFareErrorNode">
            <xsl:for-each select="//ProcessStoredFareListResponse[contains(Success, 'false')]">
               <TripError>
                  <xsl:copy-of select="*[local-name()='TripError']/child::node()"/>
               </TripError>
            </xsl:for-each>
         </xsl:variable>
         <xsl:variable name="CruiseErrorNode">
            <xsl:for-each select="//ProcessCruiseSegmentResponse[contains(Success, 'false')]">
               <TripError>
                  <xsl:copy-of select="*[local-name()='TripError']/child::node()"/>
               </TripError>
            </xsl:for-each>
         </xsl:variable>
         <xsl:variable name="AirTicketListErrorNode">
            <xsl:for-each select="//ProcessAirTicketResponse[contains(Success, 'false')]">
               <TripError>
                  <xsl:copy-of select="*[local-name()='TripError']/child::node()"/>
               </TripError>
            </xsl:for-each>
         </xsl:variable>
         <xsl:variable name="CustomerInfoErrorNode">
            <xsl:for-each select="//ProcessCustomerInfoResponse[contains(Success, 'false')]">
               <TripError>
                  <xsl:copy-of select="*[local-name()='TripError']/child::node()"/>
               </TripError>
            </xsl:for-each>
         </xsl:variable>
         <xsl:variable name="RailErrorNode">
            <xsl:for-each select="//ProcessRailSegmentResponse[contains(Success, 'false')]">
               <TripError>
                  <xsl:copy-of select="*[local-name()='TripError']/child::node()"/>
               </TripError>
            </xsl:for-each>
         </xsl:variable>
         <xsl:variable name="FerryErrorNode">
            <xsl:for-each select="//ProcessFerrySegmentResponse[contains(Success, 'false')]">
               <TripError>
                  <xsl:copy-of select="*[local-name()='TripError']/child::node()"/>
               </TripError>
            </xsl:for-each>
         </xsl:variable>
         <xsl:variable name="TourErrorNode">
            <xsl:for-each select="//ProcessTourResponse[contains(Success, 'false')]">
               <TripError>
                  <xsl:copy-of select="*[local-name()='TripError']/child::node()"/>
               </TripError>
            </xsl:for-each>
         </xsl:variable>
         <xsl:variable name="LimoErrorNode">
            <xsl:for-each select="//ProcessLimoSegmentResponse[contains(Success, 'false')]">
               <TripError>
                  <xsl:copy-of select="*[local-name()='TripError']/child::node()"/>
               </TripError>
            </xsl:for-each>
         </xsl:variable>
         <xsl:variable name="AccountProfileErrorNode">
            <xsl:for-each select="//ProcessAccountProfileResponse[contains(Success, 'false')]">
               <TripError>
                  <xsl:copy-of select="*[local-name()='TripError']/child::node()"/>
               </TripError>
            </xsl:for-each>
         </xsl:variable>
         <xsl:variable name="InvoiceErrorNode">
            <xsl:for-each select="//ProcessInvoiceRemarkResponse[contains(Success, 'false')]">
               <TripError>
                  <xsl:copy-of select="*[local-name()='TripError']/child::node()"/>
               </TripError>
            </xsl:for-each>
         </xsl:variable>
         <xsl:variable name="OthErrorNode">
            <xsl:for-each select="//ProcessOtherSegmentResponse[contains(Success, 'false')]">
               <TripError>
                  <xsl:copy-of select="*[local-name()='TripError']/child::node()"/>
               </TripError>
            </xsl:for-each>
         </xsl:variable>
         <xsl:variable name="node">
            <xsl:if test="//*[local-name()='ProcessAirSegmentResponse']">
               <SegmentStatus>
                  <type>Air</type>
                  <success>
                     <xsl:value-of select="//*[local-name()='ProcessAirSegmentResponse']/*[local-name()='Success']"/>
                  </success>
                  <xsl:if test="$AirErrorNode/*[local-name()='TripError']">
                     <xsl:copy-of select="$AirErrorNode"/>
                  </xsl:if>
               </SegmentStatus>
            </xsl:if>
            <xsl:if test="//*[local-name()='ProcessCarSegmentResponse']">
               <SegmentStatus>
                  <type>Car</type>
                  <success>
                     <xsl:value-of select="//*[local-name()='ProcessCarSegmentResponse']/*[local-name()='Success']"/>
                  </success>
                  <xsl:if test="$CarErrorNode/*[local-name()='TripError']">
                     <xsl:copy-of select="$CarErrorNode"/>
                  </xsl:if>
               </SegmentStatus>
            </xsl:if>
            <xsl:if test="//*[local-name()='ProcessHotelSegmentResponse']">
               <SegmentStatus>
                  <type>Hotel</type>
                  <success>
                     <xsl:value-of select="//*[local-name()='ProcessHotelSegmentResponse']/*[local-name()='Success']"/>
                  </success>
                  <xsl:if test="$HotelErrorNode/*[local-name()='TripError']">
                     <xsl:copy-of select="$HotelErrorNode"/>
                  </xsl:if>
               </SegmentStatus>
            </xsl:if>
            <xsl:if test="//*[local-name()='ProcessStoredFareListResponse']">
               <SegmentStatus>
                  <type>StoreFare</type>
                  <success>
                     <xsl:value-of select="//*[local-name()='ProcessStoredFareListResponse']/*[local-name()='Success']"/>
                  </success>
                  <xsl:if test="$StoreFareErrorNode/*[local-name()='TripError']">
                     <xsl:copy-of select="$StoreFareErrorNode"/>
                  </xsl:if>
               </SegmentStatus>
            </xsl:if>
            <xsl:if test="//*[local-name()='ProcessCruiseSegmentResponse']">
               <SegmentStatus>
                  <type>Cruise</type>
                  <success>
                     <xsl:value-of select="//*[local-name()='ProcessCruiseSegmentResponse']/*[local-name()='Success']"/>
                  </success>
                  <xsl:if test="$CruiseErrorNode/*[local-name()='TripError']">
                     <xsl:copy-of select="$CruiseErrorNode"/>
                  </xsl:if>
               </SegmentStatus>
            </xsl:if>
            <xsl:if test="//*[local-name()='ProcessAirTicketResponse']">
               <SegmentStatus>
                  <type>AirTicket</type>
                  <success>
                     <xsl:value-of select="//*[local-name()='ProcessAirTicketResponse']/*[local-name()='Success']"/>
                  </success>
                  <xsl:if test="$AirTicketListErrorNode/*[local-name()='TripError']">
                     <xsl:copy-of select="$AirTicketListErrorNode"/>
                  </xsl:if>
               </SegmentStatus>
            </xsl:if>
            <xsl:if test="//*[local-name()='ProcessCustomerInfoResponse']">
               <SegmentStatus>
                  <type>CustomerInfo</type>
                  <success>
                     <xsl:value-of select="//*[local-name()='ProcessCustomerInfoResponse']/*[local-name()='Success']"/>
                  </success>
                  <xsl:if test="$CustomerInfoErrorNode/*[local-name()='TripError']">
                     <xsl:copy-of select="$CustomerInfoErrorNode"/>
                  </xsl:if>
               </SegmentStatus>
            </xsl:if>
            <xsl:if test="//*[local-name()='ProcessRailSegmentResponse']">
               <SegmentStatus>
                  <type>Rail</type>
                  <success>
                     <xsl:value-of select="//*[local-name()='ProcessRailSegmentResponse']/*[local-name()='Success']"/>
                  </success>
                  <xsl:if test="$RailErrorNode/*[local-name()='TripError']">
                     <xsl:copy-of select="$RailErrorNode"/>
                  </xsl:if>
               </SegmentStatus>
            </xsl:if>
            <xsl:if test="//*[local-name()='ProcessFerrySegmentResponse']">
               <SegmentStatus>
                  <type>Ferry</type>
                  <success>
                     <xsl:value-of select="//*[local-name()='ProcessFerrySegmentResponse']/*[local-name()='Success']"/>
                  </success>
                  <xsl:if test="$FerryErrorNode/*[local-name()='TripError']">
                     <xsl:copy-of select="$FerryErrorNode"/>
                  </xsl:if>
               </SegmentStatus>
            </xsl:if>
            <xsl:if test="//*[local-name()='ProcessTourResponse']">
               <SegmentStatus>
                  <type>Tour</type>
                  <success>
                     <xsl:value-of select="//*[local-name()='ProcessTourResponse']/*[local-name()='Success']"/>
                  </success>
                  <xsl:if test="$TourErrorNode/*[local-name()='TripError']">
                     <xsl:copy-of select="$TourErrorNode"/>
                  </xsl:if>
               </SegmentStatus>
            </xsl:if>
            <xsl:if test="//*[local-name()='ProcessLimoSegmentResponse']">
               <SegmentStatus>
                  <type>Limo</type>
                  <success>
                     <xsl:value-of select="//*[local-name()='ProcessLimoSegmentResponse']/*[local-name()='Success']"/>
                  </success>
                  <xsl:if test="$LimoErrorNode/*[local-name()='TripError']">
                     <xsl:copy-of select="$LimoErrorNode"/>
                  </xsl:if>
               </SegmentStatus>
            </xsl:if>
            <xsl:if test="//*[local-name()='ProcessAccountProfileResponse']">
               <SegmentStatus>
                  <type>AccoutProfile</type>
                  <success>
                     <xsl:value-of select="//*[local-name()='ProcessAccountProfileResponse']/*[local-name()='Success']"/>
                  </success>
                  <xsl:if test="$AccountProfileErrorNode/*[local-name()='TripError']">
                     <xsl:copy-of select="$AccountProfileErrorNode"/>
                  </xsl:if>
               </SegmentStatus>
            </xsl:if>
            <xsl:if test="//*[local-name()='ProcessInvoiceRemarkResponse']">
               <SegmentStatus>
                  <type>InvoiceRemark</type>
                  <success>
                     <xsl:value-of select="//*[local-name()='ProcessInvoiceRemarkResponse']/*[local-name()='Success']"/>
                  </success>
                  <xsl:if test="$InvoiceErrorNode/*[local-name()='TripError']">
                     <xsl:copy-of select="$InvoiceErrorNode"/>
                  </xsl:if>
               </SegmentStatus>
            </xsl:if>
            <xsl:if test="//*[local-name()='ProcessOtherSegmentResponse']">
               <SegmentStatus>
                  <type>Other</type>
                  <success>
                     <xsl:value-of select="//*[local-name()='ProcessOtherSegmentResponse']/*[local-name()='Success']"/>
                  </success>
                  <xsl:if test="$OthErrorNode/*[local-name()='TripError']">
                     <xsl:copy-of select="$OthErrorNode"/>
                  </xsl:if>
               </SegmentStatus>
            </xsl:if>
         </xsl:variable>
         <xsl:variable name="ItineraryTriggerChange">
            <xsl:choose>
               <xsl:when test="//ProcessAirSegmentResponse/AirTriggerChange[@Change='True'] or //ProcessHotelSegmentResponse/HotelTriggerChange[@Change='True'] or  //ProcessCarSegmentResponse/CarTriggerChange[@Change='True'] or //ProcessRailSegmentResponse/RailTriggerChange[@Change='True'] or //ProcessLimoSegmentResponse/LimoTriggerChange[@Change='True'] or //ProcessCruiseSegmentResponse/CruiseTriggerChange[@Change='True'] or //ProcessFerrySegmentResponse/FerryTriggerChange[@Change='True'] or //ProcessTourResponse/TourTriggerChange[@Change='True'] or //ProcessOtherSegmentResponse/OtherTriggerChangeXML[@Change='True']">
                  <xsl:value-of select="'True'"/>
               </xsl:when>
               <xsl:otherwise>
                  <xsl:value-of select="'False'"/>
               </xsl:otherwise>
            </xsl:choose>
         </xsl:variable>
         <xsl:variable name="ItineraryTriggerNode">
            <xsl:for-each select="//ProcessAirSegmentResponse/*[name()='AirTriggerChange'][@Change]">
               <xsl:element name="AirTriggerChange">
                  <xsl:apply-templates select="@*|*"/>
               </xsl:element>
            </xsl:for-each>
            <xsl:for-each select="//ProcessHotelSegmentResponse/*[name()='HotelTriggerChange'][@Change]">
               <xsl:element name="HotelTriggerChange">
                  <xsl:apply-templates select="@*|*"/>
               </xsl:element>
            </xsl:for-each>
            <xsl:for-each select="//ProcessCarSegmentResponse/*[name()='CarTriggerChange'][@Change]">
               <xsl:element name="CarTriggerChange">
                  <xsl:apply-templates select="@*|*"/>
               </xsl:element>
            </xsl:for-each>
            <xsl:for-each select="//ProcessRailSegmentResponse/*[name()='RailTriggerChange'][@Change]">
               <xsl:element name="RailTriggerChange">
                  <xsl:apply-templates select="@*|*"/>
               </xsl:element>
            </xsl:for-each>
            <xsl:for-each select="//ProcessLimoSegmentResponse/*[name()='LimoTriggerChange'][@Change]">
               <xsl:element name="LimoTriggerChange">
                  <xsl:apply-templates select="@*|*"/>
               </xsl:element>
            </xsl:for-each>
            <xsl:for-each select="//ProcessCruiseSegmentResponse/*[name()='CruiseTriggerChange'][@Change]">
               <xsl:element name="CruiseTriggerChange">
                  <xsl:apply-templates select="@*|*"/>
               </xsl:element>
            </xsl:for-each>
            <xsl:for-each select="//ProcessFerrySegmentResponse/*[name()='FerryTriggerChange'][@Change]">
               <xsl:element name="FerryTriggerChange">
                  <xsl:apply-templates select="@*|*"/>
               </xsl:element>
            </xsl:for-each>
            <xsl:for-each select="//ProcessTourResponse/*[name()='TourTriggerChange'][@Change]">
               <xsl:element name="TourTriggerChange">
                  <xsl:apply-templates select="@*|*"/>
               </xsl:element>
            </xsl:for-each>
            <xsl:for-each select="//ProcessOtherSegmentResponse/*[name()='OtherTriggerChangeXML'][@Change]">
               <xsl:element name="OtherSegmentChange">
                  <xsl:apply-templates select="@*|*"/>
               </xsl:element>
            </xsl:for-each>
         </xsl:variable>
         <xsl:variable name="TriggerChange">
            <xsl:choose>
               <xsl:when test="//ProcessAirTicketResponse/AirTicketTriggerChange[@Change='True'] or //ProcessAccountResponse/AccountTriggerChange[@Change='True'] or  //ProcessCustomerInfoResponse/CustomerInfoTriggerChange[@Change='True'] or //ProcessStoredFareListResponse/StoredFareTriggerChange[@Change='True'] or $ItineraryTriggerChange='True' or //ProcessInvoiceRemarkResponse/InvoiceTriggerChange[@Change='True']">
                  <xsl:value-of select="'True'"/>
               </xsl:when>
               <xsl:otherwise>
                  <xsl:value-of select="'False'"/>
               </xsl:otherwise>
            </xsl:choose>
         </xsl:variable>
         <xsl:variable name="TriggerNode">
            <xsl:for-each select="//ProcessAirTicketResponse/*[name()='AirTicketTriggerChange'][@Change]">
               <xsl:element name="AirTicketListTrigger">
                  <xsl:apply-templates select="@*|*"/>
               </xsl:element>
            </xsl:for-each>
            <xsl:for-each select="//ProcessAccountResponse/*[name()='AccountTriggerChange'][@Change]">
               <xsl:element name="AccountProfileTrigger">
                  <xsl:apply-templates select="@*|*"/>
               </xsl:element>
            </xsl:for-each>
            <xsl:for-each select="//ProcessCustomerInfoResponse/*[name()='CustomerInfoTriggerChange'][@Change]">
               <xsl:element name="CustomerInfosTrigger">
                  <xsl:apply-templates select="@*|*"/>
               </xsl:element>
            </xsl:for-each>
            <xsl:for-each select="//ProcessStoredFareListResponse/*[name()='StoredFareTriggerChange'][@Change]">
               <xsl:element name="StoredFareListTrigger">
                  <xsl:apply-templates select="@*|*"/>
               </xsl:element>
            </xsl:for-each>
            <xsl:element name="ItineraryTrigger">
               <xsl:attribute name="Change">
                  <xsl:value-of select="$ItineraryTriggerChange"/>
               </xsl:attribute>
               <xsl:copy-of select="$ItineraryTriggerNode"/>
            </xsl:element>
            <xsl:for-each select="//ProcessInvoiceRemarkResponse/*[name()='InvoiceTriggerChange'][@Change]">
               <xsl:element name="InvoiceRemarkListTrigger">
                  <xsl:apply-templates select="@*|*"/>
               </xsl:element>
            </xsl:for-each>
         </xsl:variable>
         <xsl:element name="ProcessTripResponse">
            <xsl:element name="SegmentUpdateStatus">
               <xsl:copy-of select="$node"/>
            </xsl:element>
            <xsl:element name="TripTriggerChange">
               <xsl:attribute name="TripId">
                  <xsl:value-of select="$tripId"/>
               </xsl:attribute>
               <xsl:attribute name="Change">
                  <xsl:value-of select="$TriggerChange"/>
               </xsl:attribute>
               <xsl:copy-of select="$TriggerNode"/>
            </xsl:element>
         </xsl:element>
      </xsl:template>
      <xsl:template match="@*">
         <xsl:copy>
            <xsl:apply-templates select="@*"/>
         </xsl:copy>
      </xsl:template>
      <xsl:template match="node()">
         <xsl:element name="{local-name()}">
            <xsl:value-of select="."/>
         </xsl:element>
      </xsl:template>
   </xsl:stylesheet>
   <description/>
</localEntry>
