<?xml version="1.0" encoding="UTF-8"?>
<localEntry xmlns="http://ws.apache.org/ns/synapse" key="ConstructClientRuleRq">
   <xsl:stylesheet xmlns:xsl="http://www.w3.org/1999/XSL/Transform" version="2.0">
      <xsl:output omit-xml-declaration="yes" indent="yes"/>
      <xsl:strip-space elements="*"/>
      <xsl:param name="product"/>
      <xsl:template match="/">
         <batch-execution>
            <insert out-identifier="ClientRuleRequest">
               <aegbt.clientrules.ClientRuleRequest>
                  <xsl:copy-of select="//*[local-name()='TripElements']/node()"/>
                  <ProductName>
                     <xsl:value-of select="$product"/>
                  </ProductName>
                  <Included>false</Included>
               </aegbt.clientrules.ClientRuleRequest>
            </insert>
            <start-process processId="ClientRules.ClientRule">
               <parameters identifier="productName">
                  <java.lang.String>
                     <xsl:value-of select="$product"/>
                  </java.lang.String>
               </parameters>
            </start-process>
            <fire-all-rules/>
         </batch-execution>
      </xsl:template>
   </xsl:stylesheet>
   <description/>
</localEntry>
