<?xml version="1.0" encoding="UTF-8"?>
<localEntry xmlns="http://ws.apache.org/ns/synapse" key="ConstructAggregatedTriggerRq">
   <xsl:stylesheet xmlns:xsl="http://www.w3.org/1999/XSL/Transform"
                   xmlns:fn="http://www.w3.org/2005/02/xpath-functions"
                   xmlns:m0="http://schemas.xmlsoap.org/soap/envelope/"
                   version="2.0"
                   exclude-result-prefixes="m0 fn">
      <xsl:output method="xml" omit-xml-declaration="yes" indent="yes"/>
      <xsl:template match="/">
         <xsl:element name="TripTriggerChange">
            <xsl:copy-of select="//ProcessTripResponse/TripTriggerChange/@*| //ProcessTripResponse/TripTriggerChange/node()"/>
         </xsl:element>
      </xsl:template>
   </xsl:stylesheet>
   <description/>
</localEntry>
