<?xml version="1.0" encoding="UTF-8"?>
<localEntry xmlns="http://ws.apache.org/ns/synapse" key="ConstrctExcpetionRq">
   <xsl:stylesheet xmlns:xsl="http://www.w3.org/1999/XSL/Transform"
                   xmlns:fn="http://www.w3.org/2005/02/xpath-functions"
                   xmlns:m0="http://services.samples"
                   version="2.0"
                   exclude-result-prefixes="m0 fn">
      <xsl:output method="xml" omit-xml-declaration="yes" indent="yes"/>
      <xsl:param name="rp"/>
      <xsl:param name="clientId"/>
      <xsl:param name="recordLoc"/>
      <xsl:param name="source"/>
      <xsl:param name="createdDate"/>
      <xsl:param name="ComponentName"/>
      <xsl:param name="ProcessName"/>
      <xsl:param name="catagory"/>
      <xsl:template match="/">
         <Error>
            <xsl:for-each select="//Payload/ErrorDetailsResponse/ErrorDetails[ComponentType='ESB']">
               <xsl:choose>
                  <xsl:when test="$catagory=Category and $ComponentName=ComponentName and $ProcessName=ProcessName">
                     <ClientId>
                        <xsl:value-of select="$clientId"/>
                     </ClientId>
                     <ComponentName>
                        <xsl:value-of select="$ComponentName"/>
                     </ComponentName>
                     <ErrorCategory>
                        <xsl:value-of select="Category"/>
                     </ErrorCategory>
                     <ErrorCode>
                        <xsl:value-of select="Code"/>
                     </ErrorCode>
                     <ErrorDesc>
                        <xsl:value-of select="Desc"/>
                     </ErrorDesc>
                     <ProcessName>
                        <xsl:value-of select="ProcessName"/>
                     </ProcessName>
                     <RecordLocator>
                        <xsl:value-of select="$recordLoc"/>
                     </RecordLocator>
                     <ReportedDate>
                        <xsl:value-of select="$createdDate"/>
                     </ReportedDate>
                     <RestartPoint>
                        <xsl:value-of select="$rp"/>
                     </RestartPoint>
                     <Retry>
                        <xsl:value-of select="Retry"/>
                     </Retry>
                     <RetryCount>0</RetryCount>
                     <Source>
                        <xsl:value-of select="$source"/>
                     </Source>
                     <Status>Fail</Status>
                  </xsl:when>
               </xsl:choose>
            </xsl:for-each>
         </Error>
      </xsl:template>
   </xsl:stylesheet>
   <description/>
</localEntry>
