<?xml version="1.0" encoding="UTF-8"?>
<localEntry xmlns="http://ws.apache.org/ns/synapse" key="ConstructHotelSegmentRq">
   <xsl:stylesheet xmlns:xsl="http://www.w3.org/1999/XSL/Transform"
                   xmlns:fn="http://www.w3.org/2005/02/xpath-functions"
                   xmlns:m0="http://services.samples"
                   version="2.0"
                   exclude-result-prefixes="m0 fn">
      <xsl:output method="xml" omit-xml-declaration="yes" indent="yes"/>
      <xsl:param name="segment"/>
      <xsl:param name="pnr"/>
      <xsl:param name="createdtime"/>
      <xsl:param name="modifieddate"/>
      <xsl:param name="source"/>
      <xsl:param name="modifiedby"/>
      <xsl:param name="tripId"/>
      <xsl:param name="tripIdStatus"/>
      <xsl:template match="/">
         <HotelSegmentReq>
            <PnrLocator>
               <xsl:value-of select="$pnr"/>
            </PnrLocator>
            <CreatedTime>
               <xsl:value-of select="$createdtime"/>
            </CreatedTime>
            <ModifiedDate>
               <xsl:value-of select="$modifieddate"/>
            </ModifiedDate>
            <Source>
               <xsl:value-of select="$source"/>
            </Source>
            <ModifiedBy>
               <xsl:value-of select="$modifiedby"/>
            </ModifiedBy>
            <TripId>
               <xsl:value-of select="$tripId"/>
            </TripId>
            <TripStatus>
               <xsl:value-of select="$tripIdStatus"/>
            </TripStatus>
            <Segments>
               <xsl:for-each select="//OTA_TravelItineraryRS/TravelItinerary/ItineraryInfo/ReservationItems/Item/*[name()='Hotel']">
                  <xsl:element name="Hotel">
                     <xsl:copy-of select="@*|*"/>
                  </xsl:element>
               </xsl:for-each>
            </Segments>
            <SegmentMappingInfo/>
            <AdditionalInfo/>
         </HotelSegmentReq>
      </xsl:template>
   </xsl:stylesheet>
   <description/>
</localEntry>
