<?xml version="1.0" encoding="UTF-8"?>
<localEntry xmlns="http://ws.apache.org/ns/synapse"
            key="constructPNREnricherProcResponse">
   <xsl:stylesheet xmlns:xsl="http://www.w3.org/1999/XSL/Transform"
                   xmlns:syn="http://ws.apache.org/ns/synapse"
                   exclude-result-prefixes="syn"
                   version="2.0">
      <xsl:output omit-xml-declaration="yes" method="xml" indent="yes"/>
      <xsl:template match="/">
         <xsl:element name="PnrEnricherProcessorResponse">
            <xsl:element name="rawmessages">
               <xsl:for-each select="/*/*/*[local-name()='rawmsg']">
                  <xsl:element name="rawmsg">
                     <xsl:element name="gds">
                        <xsl:value-of select="./*[local-name()='gds']"/>
                     </xsl:element>
                     <xsl:element name="recordlocator">
                        <xsl:value-of select="./*[local-name()='recordlocator']"/>
                     </xsl:element>
                     <xsl:element name="success">
                        <xsl:value-of select="./*[local-name()='success']"/>
                     </xsl:element>
                  </xsl:element>
               </xsl:for-each>
            </xsl:element>
         </xsl:element>
      </xsl:template>
   </xsl:stylesheet>
   <description/>
</localEntry>
