<?xml version="1.0" encoding="UTF-8"?>
<localEntry xmlns="http://ws.apache.org/ns/synapse" key="DTRGTRPNRCheck">
   <xsl:stylesheet xmlns:xsl="http://www.w3.org/1999/XSL/Transform"
                   xmlns:fn="http://www.w3.org/2005/02/xpath-functions"
                   xmlns:m0="http://schemas.xmlsoap.org/soap/envelope/"
                   version="2.0">
      <xsl:output method="xml" omit-xml-declaration="yes" indent="yes"/>
      <xsl:template match="/">
         <xsl:variable name="varflag">
            <xsl:for-each select="//GIDS/BookingFareData/BookingData/RemarkInformation/GeneralRemark[contains(GeneralRemarkText, 'PDQ.MCKI')]">
               <xsl:choose>
                  <xsl:when test="GeneralRemarkQualifier='Z'">
                     <xsl:element name="Success">
                        <xsl:value-of select="'true'"/>
                     </xsl:element>
                  </xsl:when>
               </xsl:choose>
            </xsl:for-each>
         </xsl:variable>
         <xsl:choose>
            <xsl:when test="$varflag/Success[1] = 'true'">
               <xsl:element name="Success">
                  <xsl:text>true</xsl:text>
               </xsl:element>
            </xsl:when>
            <xsl:otherwise>
               <xsl:element name="Success">
                  <xsl:text>false</xsl:text>
               </xsl:element>
            </xsl:otherwise>
         </xsl:choose>
      </xsl:template>
   </xsl:stylesheet>
   <description/>
</localEntry>
