<?xml version="1.0" encoding="UTF-8"?>
<localEntry xmlns="http://ws.apache.org/ns/synapse" key="EnrichTripRequest">
   <xsl:stylesheet xmlns:xsl="http://www.w3.org/1999/XSL/Transform"
                   xmlns:fn="http://www.w3.org/2005/02/xpath-functions"
                   xmlns:m0="http://services.samples"
                   version="2.0"
                   exclude-result-prefixes="m0 fn">
      <xsl:output method="xml" omit-xml-declaration="yes" indent="yes"/>
      <xsl:template match="/">
         <xsl:apply-templates select="//UpdateTravelerResponse/Travelers"/>
      </xsl:template>
      <xsl:template match="Travelers">
         <Travelers>
            <xsl:for-each select="Traveler">
               <Traveler Id="{TravelerID}" name="{@name }"/>
            </xsl:for-each>
         </Travelers>
      </xsl:template>
   </xsl:stylesheet>
   <description/>
</localEntry>
