<?xml version="1.0" encoding="UTF-8"?>
<localEntry xmlns="http://ws.apache.org/ns/synapse" key="MergeTriggerRq">
   <xsl:stylesheet xmlns:xsl="http://www.w3.org/1999/XSL/Transform"
                   xmlns:fn="http://www.w3.org/2005/02/xpath-functions"
                   xmlns:m0="http://schemas.xmlsoap.org/soap/envelope/"
                   version="2.0"
                   exclude-result-prefixes="m0 fn">
      <xsl:output method="xml" omit-xml-declaration="yes" indent="yes"/>
      <xsl:strip-space elements="*"/>
      <xsl:template match="/">
         <xsl:element name="TripTriggerChange">
            <xsl:attribute name="TripId">
               <xsl:value-of select="TripTriggerChange/@TripId"/>
            </xsl:attribute>
            <xsl:attribute name="Change">
               <xsl:value-of select="TripTriggerChange/@Change"/>
            </xsl:attribute>
            <xsl:element name="AirTicketListTrigger">
               <xsl:attribute name="Change">
                  <xsl:choose>
                     <xsl:when test="//TripTriggerChange/AirTicketListTrigger[@Change='True']">
                        <xsl:value-of select="'True'"/>
                     </xsl:when>
                     <xsl:otherwise>
                        <xsl:value-of select="'False'"/>
                     </xsl:otherwise>
                  </xsl:choose>
               </xsl:attribute>
               <xsl:apply-templates select="//*[local-name()='TripTriggerChange']/AirTicketListTrigger"/>
            </xsl:element>
            <xsl:element name="AccountProfileTrigger">
               <xsl:attribute name="Change">
                  <xsl:choose>
                     <xsl:when test="//TripTriggerChange/AccountProfileTrigger[@Change='True']">
                        <xsl:value-of select="'True'"/>
                     </xsl:when>
                     <xsl:otherwise>
                        <xsl:value-of select="'False'"/>
                     </xsl:otherwise>
                  </xsl:choose>
               </xsl:attribute>
               <xsl:apply-templates select="//TripTriggerChange/AccountProfileTrigger"/>
            </xsl:element>
            <xsl:element name="CustomerInfosTrigger">
               <xsl:attribute name="Change">
                  <xsl:choose>
                     <xsl:when test="//TripTriggerChange/CustomerInfosTrigger[@Change='True']">
                        <xsl:value-of select="'True'"/>
                     </xsl:when>
                     <xsl:otherwise>
                        <xsl:value-of select="'False'"/>
                     </xsl:otherwise>
                  </xsl:choose>
               </xsl:attribute>
               <xsl:apply-templates select="//TripTriggerChange/CustomerInfosTrigger"/>
            </xsl:element>
            <xsl:element name="StoredFareListTrigger">
               <xsl:attribute name="Change">
                  <xsl:choose>
                     <xsl:when test="//TripTriggerChange/StoredFareListTrigger[@Change='True']">
                        <xsl:value-of select="'True'"/>
                     </xsl:when>
                     <xsl:otherwise>
                        <xsl:value-of select="'False'"/>
                     </xsl:otherwise>
                  </xsl:choose>
               </xsl:attribute>
               <xsl:apply-templates select="//TripTriggerChange/StoredFareListTrigger"/>
            </xsl:element>
            <xsl:element name="ItineraryTrigger">
               <xsl:attribute name="Change">
                  <xsl:choose>
                     <xsl:when test="//TripTriggerChange/ItineraryTrigger[@Change='True']">
                        <xsl:value-of select="'True'"/>
                     </xsl:when>
                     <xsl:otherwise>
                        <xsl:value-of select="'False'"/>
                     </xsl:otherwise>
                  </xsl:choose>
               </xsl:attribute>
               <xsl:element name="AirTriggerChange">
                  <xsl:attribute name="Change">
                     <xsl:choose>
                        <xsl:when test="//TripTriggerChange/ItineraryTrigger/AirTriggerChange[@Change='True']">
                           <xsl:value-of select="'True'"/>
                        </xsl:when>
                        <xsl:otherwise>
                           <xsl:value-of select="'False'"/>
                        </xsl:otherwise>
                     </xsl:choose>
                  </xsl:attribute>
                  <xsl:apply-templates select="//TripTriggerChange/ItineraryTrigger/AirTriggerChange"/>
               </xsl:element>
               <xsl:element name="HotelTriggerChange">
                  <xsl:attribute name="Change">
                     <xsl:choose>
                        <xsl:when test="//TripTriggerChange/ItineraryTrigger/HotelTriggerChange[@Change='True']">
                           <xsl:value-of select="'True'"/>
                        </xsl:when>
                        <xsl:otherwise>
                           <xsl:value-of select="'False'"/>
                        </xsl:otherwise>
                     </xsl:choose>
                  </xsl:attribute>
                  <xsl:apply-templates select="//TripTriggerChange/ItineraryTrigger/HotelTriggerChange"/>
               </xsl:element>
               <xsl:element name="CarTriggerChange">
                  <xsl:attribute name="Change">
                     <xsl:choose>
                        <xsl:when test="//TripTriggerChange/ItineraryTrigger/CarTriggerChange[@Change='True']">
                           <xsl:value-of select="'True'"/>
                        </xsl:when>
                        <xsl:otherwise>
                           <xsl:value-of select="'False'"/>
                        </xsl:otherwise>
                     </xsl:choose>
                  </xsl:attribute>
                  <xsl:apply-templates select="//TripTriggerChange/ItineraryTrigger/CarTriggerChange"/>
               </xsl:element>
               <xsl:element name="RailTriggerChange">
                  <xsl:attribute name="Change">
                     <xsl:choose>
                        <xsl:when test="//TripTriggerChange/ItineraryTrigger/RailTriggerChange[@Change='True']">
                           <xsl:value-of select="'True'"/>
                        </xsl:when>
                        <xsl:otherwise>
                           <xsl:value-of select="'False'"/>
                        </xsl:otherwise>
                     </xsl:choose>
                  </xsl:attribute>
                  <xsl:apply-templates select="//TripTriggerChange/ItineraryTrigger/RailTriggerChange"/>
               </xsl:element>
               <xsl:element name="LimoTriggerChange">
                  <xsl:attribute name="Change">
                     <xsl:choose>
                        <xsl:when test="//TripTriggerChange/ItineraryTrigger/LimoTriggerChange[@Change='True']">
                           <xsl:value-of select="'True'"/>
                        </xsl:when>
                        <xsl:otherwise>
                           <xsl:value-of select="'False'"/>
                        </xsl:otherwise>
                     </xsl:choose>
                  </xsl:attribute>
                  <xsl:apply-templates select="//TripTriggerChange/ItineraryTrigger/LimoTriggerChange"/>
               </xsl:element>
               <xsl:element name="CruiseTriggerChange">
                  <xsl:attribute name="Change">
                     <xsl:choose>
                        <xsl:when test="//TripTriggerChange/ItineraryTrigger/CruiseTriggerChange[@Change='True']">
                           <xsl:value-of select="'True'"/>
                        </xsl:when>
                        <xsl:otherwise>
                           <xsl:value-of select="'False'"/>
                        </xsl:otherwise>
                     </xsl:choose>
                  </xsl:attribute>
                  <xsl:apply-templates select="//TripTriggerChange/ItineraryTrigger/CruiseTriggerChange"/>
               </xsl:element>
               <xsl:element name="FerryTriggerChange">
                  <xsl:attribute name="Change">
                     <xsl:choose>
                        <xsl:when test="//TripTriggerChange/ItineraryTrigger/FerryTriggerChange[@Change='True']">
                           <xsl:value-of select="'True'"/>
                        </xsl:when>
                        <xsl:otherwise>
                           <xsl:value-of select="'False'"/>
                        </xsl:otherwise>
                     </xsl:choose>
                  </xsl:attribute>
                  <xsl:apply-templates select="//TripTriggerChange/ItineraryTrigger/FerryTriggerChange"/>
               </xsl:element>
               <xsl:element name="TourTriggerChange">
                  <xsl:attribute name="Change">
                     <xsl:choose>
                        <xsl:when test="//TripTriggerChange/ItineraryTrigger/TourTriggerChange[@Change='True']">
                           <xsl:value-of select="'True'"/>
                        </xsl:when>
                        <xsl:otherwise>
                           <xsl:value-of select="'False'"/>
                        </xsl:otherwise>
                     </xsl:choose>
                  </xsl:attribute>
                  <xsl:apply-templates select="//TripTriggerChange/ItineraryTrigger/TourTriggerChange"/>
               </xsl:element>
               <xsl:element name="OtherSegmentChange">
                  <xsl:attribute name="Change">
                     <xsl:choose>
                        <xsl:when test="//TripTriggerChange/ItineraryTrigger/OtherSegmentChange[@Change='True']">
                           <xsl:value-of select="'True'"/>
                        </xsl:when>
                        <xsl:otherwise>
                           <xsl:value-of select="'False'"/>
                        </xsl:otherwise>
                     </xsl:choose>
                  </xsl:attribute>
                  <xsl:apply-templates select="//TripTriggerChange/ItineraryTrigger/OtherSegmentChange"/>
               </xsl:element>
            </xsl:element>
            <xsl:element name="InvoiceRemarkListTrigger">
               <xsl:attribute name="Change">
                  <xsl:choose>
                     <xsl:when test="//TripTriggerChange/InvoiceRemarkListTrigger[@Change='True']">
                        <xsl:value-of select="'True'"/>
                     </xsl:when>
                     <xsl:otherwise>
                        <xsl:value-of select="'False'"/>
                     </xsl:otherwise>
                  </xsl:choose>
               </xsl:attribute>
               <xsl:apply-templates select="//TripTriggerChange/InvoiceRemarkListTrigger"/>
            </xsl:element>
         </xsl:element>
      </xsl:template>
      <xsl:template match="AirTicketListTrigger | AccountProfileTrigger | CustomerInfosTrigger | StoredFareListTrigger | AirTriggerChange | HotelTriggerChange | CarTriggerChange | RailTriggerChange | LimoTriggerChange | CruiseTriggerChange | FerryTriggerChange | TourTriggerChange | OtherSegmentChange |InvoiceRemarkListTrigger">
         <xsl:apply-templates select="*"/>
      </xsl:template>
      <xsl:template match="node()">
         <xsl:element name="{name()}">
            <xsl:value-of select="."/>
            <xsl:apply-templates select="*"/>
         </xsl:element>
      </xsl:template>
      <xsl:template match="text()"/>
   </xsl:stylesheet>
   <description/>
</localEntry>
