<?xml version="1.0" encoding="UTF-8"?>
<localEntry xmlns="http://ws.apache.org/ns/synapse" key="Remarks">
   <xsl:stylesheet xmlns:xsl="http://www.w3.org/1999/XSL/Transform"
                   xmlns:xs="http://www.w3.org/2001/XMLSchema"
                   xmlns:fn="http://www.w3.org/2005/xpath-functions"
                   version="2.0">
      <xsl:output method="xml" version="1.0" encoding="UTF-8" indent="yes"/>
      <xsl:template match="OtherServiceInfo">
         <xsl:element name="OSIMessage">
            <xsl:attribute name="AirlineCode" select="OSIVendorCode"/>
            <xsl:attribute name="ProviderToken" select="GFAXNbr"/>
            <xsl:element name="Text">
               <xsl:value-of select="OSIMessageText"/>
            </xsl:element>
         </xsl:element>
      </xsl:template>
      <xsl:template match="SSRInformation">
         <xsl:for-each select="./*">
            <xsl:element name="SSRRequestAck">
               <xsl:if test="NameItem">
                  <xsl:attribute name="PaxRef"
                                 select="concat(NameItem/LastNameElementNbr,'.',NameItem/PassengerElementNbr)"/>
               </xsl:if>
               <xsl:attribute name="PoviderToken" select="GFAXNbr"/>
               <xsl:attribute name="SSRCode" select="SSRCode"/>
               <xsl:element name="Text">
                  <xsl:value-of select="SSRFreeText"/>
                  <xsl:value-of select="FreeText"/>
               </xsl:element>
            </xsl:element>
         </xsl:for-each>
      </xsl:template>
      <xsl:template match="GeneralRemark">
         <xsl:element name="Remark">
            <xsl:attribute name="Prefix" select="GeneralRemarkQualifier"/>
            <xsl:attribute name="ProviderToken" select="ItemNbr"/>
            <xsl:value-of select="GeneralRemarkText"/>
         </xsl:element>
      </xsl:template>
      <xsl:template match="ItineraryInvoiceRemark">
         <xsl:variable name="rph">
            <xsl:value-of select="1 + count(preceding-sibling::*)"/>
         </xsl:variable>
         <xsl:element name="Remark">
            <xsl:if test="contains(FreeText,'-')">
               <xsl:attribute name="Prefix" select="substring-before(FreeText,'-')"/>
            </xsl:if>
            <xsl:attribute name="ProviderToken" select="$rph"/>
            <xsl:choose>
               <xsl:when test="contains(FreeText,'-')">
                  <xsl:value-of select="substring-after(FreeText,'-')"/>
               </xsl:when>
               <xsl:otherwise>
                  <xsl:value-of select="FreeText"/>
               </xsl:otherwise>
            </xsl:choose>
         </xsl:element>
      </xsl:template>
      <xsl:template match="ItineraryRemark">
         <xsl:element name="Remark">
            <xsl:attribute name="ProviderToken" select="RemarkItemNbr"/>
            <xsl:if test="AssociatedSegmentNbr">
               <xsl:attribute name="SegmentNo">
                  <xsl:value-of select="AssociatedSegmentNbr"/>
               </xsl:attribute>
            </xsl:if>
            <xsl:value-of select="RemarkText"/>
         </xsl:element>
      </xsl:template>
   </xsl:stylesheet>
   <description/>
</localEntry>
