<?xml version="1.0" encoding="UTF-8"?>
<localEntry xmlns="http://ws.apache.org/ns/synapse" key="RemoveTriggerDuplicates">
   <xsl:stylesheet xmlns:xsl="http://www.w3.org/1999/XSL/Transform" version="1.0">
      <xsl:output omit-xml-declaration="yes" indent="yes"/>
      <xsl:key name="kElByName"
               match="*"
               use="concat(generate-id(..), '+',name())"/>
      <xsl:template match="node()|@*">
         <xsl:copy>
            <xsl:apply-templates select="node()|@*"/>
         </xsl:copy>
      </xsl:template>
      <xsl:template match="AirTicketListTrigger | AccountProfileTrigger | CustomerInfosTrigger | StoredFareListTrigger | AirTriggerChange | HotelTriggerChange | CarTriggerChange | RailTriggerChange | LimoTriggerChange | CruiseTriggerChange | FerryTriggerChange | TourTriggerChange | OtherSegmentChange |InvoiceRemarkListTrigger">
         <xsl:copy>
            <xsl:copy-of select="@*"/>
            <xsl:apply-templates select="*[generate-id()  =  generate-id(key('kElByName',concat(generate-id(..), '+',name()))[1])]"/>
         </xsl:copy>
      </xsl:template>
   </xsl:stylesheet>
   <description/>
</localEntry>
