<?xml version="1.0" encoding="UTF-8"?>
<localEntry xmlns="http://ws.apache.org/ns/synapse" key="SortTriggerElements">
   <xsl:stylesheet xmlns:xsl="http://www.w3.org/1999/XSL/Transform" version="1.0">
      <xsl:output omit-xml-declaration="yes" indent="yes"/>
      <xsl:template match="@*|*">
         <xsl:copy>
            <xsl:apply-templates select="@*|*"/>
         </xsl:copy>
      </xsl:template>
      <xsl:template match="AirTicketListTrigger | AccountProfileTrigger | CustomerInfosTrigger | StoredFareListTrigger | AirTriggerChange | HotelTriggerChange | CarTriggerChange | RailTriggerChange | LimoTriggerChange | CruiseTriggerChange | FerryTriggerChange | TourTriggerChange | OtherSegmentChange |InvoiceRemarkListTrigger">
         <xsl:element name="{local-name()}">
            <xsl:copy-of select="@*"/>
            <xsl:for-each select="*">
               <xsl:sort select="." order="descending"/>
               <xsl:copy-of select="."/>
            </xsl:for-each>
         </xsl:element>
      </xsl:template>
   </xsl:stylesheet>
   <description/>
</localEntry>
