<?xml version="1.0" encoding="UTF-8"?>
<localEntry xmlns="http://ws.apache.org/ns/synapse" key="T2">
   <xsl:stylesheet xmlns:xsl="http://www.w3.org/1999/XSL/Transform" version="2.0">
      <xsl:output method="xml" indent="yes"/>
      <xsl:strip-space elements="*"/>
      <xsl:template match="@*|node()">
         <xsl:copy>
            <xsl:apply-templates select="@*|node()"/>
         </xsl:copy>
      </xsl:template>
      <xsl:template match="TravelItinerary/AccountProfile/GSI/@Enrollment"/>
      <xsl:template match="TravelItinerary/AccountProfile/GSI/@Length"/>
      <xsl:template match="TravelItinerary/AccountProfile/GSI/@Start"/>
      <xsl:template match="TravelItinerary/AccountProfile/GSI/@Type"/>
      <xsl:template match="TravelItinerary/AccountProfile/GSI/@Update"/>
      <xsl:template match="TravelItinerary/AccountProfile/GSIRemarkList/@PaxRef"/>
      <xsl:template match="TravelItinerary/AccountProfile/GSIRemarkList"/>
      <xsl:template match="TravelItinerary/AccountProfile/ClientGeneralRemarkList/Remark/@Lines"/>
      <xsl:template match="TravelItinerary/AccountProfile/ClientGeneralRemarkList/Remark/@Prefix"/>
      <xsl:template match="TravelItinerary/AccountProfile/ClientGeneralRemarkList/Remark"/>
      <xsl:template match="TravelItinerary/ItineraryInfo/ReservationItems/Item/Hotel/Reservation/SupplementalInfo/HotelCommissionPercentage"/>
      <xsl:template match="TravelItinerary/Remarks/MIRemarkList/UdidRemarkList/Remark/@ProviderToken"/>
      <xsl:template match="TravelItinerary/Remarks/MIRemarkList/UdidRemarkList/Remark/@Prefix"/>
      <xsl:template match="TravelItinerary/Remarks/MIRemarkList/UdidRemarkList/Remark"/>
      <xsl:template match="TravelItinerary/Remarks/MIRemarkList/SortRemarkList/Remark/@Prefix"/>
      <xsl:template match="TravelItinerary/Remarks/MIRemarkList/SortRemarkList/Remark/@ProviderToken"/>
      <xsl:template match="TravelItinerary/Remarks/MIRemarkList/SortRemarkList/Remark"/>
      <xsl:template match="TravelItinerary/Remarks/MIRemarkList/GovtRemarkList/Remark/@Prefix"/>
      <xsl:template match="TravelItinerary/Remarks/MIRemarkList/GovtRemarkList/Remark/@ProviderToken"/>
      <xsl:template match="TravelItinerary/Remarks/MIRemarkList/GovtRemarkList/Remark"/>
      <xsl:template match="TravelItinerary/Remarks/MIRemarkList/LowFare/@Amount"/>
      <xsl:template match="TravelItinerary/Remarks/MIRemarkList/LowFare/@ReasonCode"/>
      <xsl:template match="TravelItinerary/Remarks/MIRemarkList/NormalFare/@Amount"/>
      <xsl:template match="TravelItinerary/Remarks/MIRemarkList/NormalFare/@ReasonCode"/>
      <xsl:template match="TravelItinerary/Remarks/GeneralRemarkList/Remark/@Prefix"/>
      <xsl:template match="TravelItinerary/Remarks/GeneralRemarkList/Remark/@ProviderToken"/>
      <xsl:template match="TravelItinerary/Remarks/GeneralRemarkList/Remark"/>
      <xsl:template match="TravelItinerary/Remarks/InvoiceRemarkList/Remark/@Prefix"/>
      <xsl:template match="TravelItinerary/Remarks/InvoiceRemarkList/Remark/@ProviderToken"/>
      <xsl:template match="TravelItinerary/Remarks/InvoiceRemarkList/Remark"/>
      <xsl:template match="TravelItinerary/Remarks/ItineraryRemarkList/Remark/@ProviderToken"/>
      <xsl:template match="TravelItinerary/Remarks/ItineraryRemarkList/Remark/@SegmentNo"/>
      <xsl:template match="TravelItinerary/Remarks/ItineraryRemarkList/Remark"/>
   </xsl:stylesheet>
   <description/>
</localEntry>
