<?xml version="1.0" encoding="UTF-8"?>
<localEntry xmlns="http://ws.apache.org/ns/synapse" key="T3">
   <xsl:stylesheet xmlns:xsl="http://www.w3.org/1999/XSL/Transform" version="2.0">
      <xsl:output method="xml" indent="yes"/>
      <xsl:strip-space elements="*"/>
      <xsl:template match="@*|node()">
         <xsl:copy>
            <xsl:apply-templates select="@*|node()"/>
         </xsl:copy>
      </xsl:template>
      <!-- transformation T2 specific templates that are also excluded into T3 --><xsl:template match="TravelItinerary/AccountProfile/GSI/@Enrollment"/>
      <xsl:template match="TravelItinerary/AccountProfile/GSI/@Length"/>
      <xsl:template match="TravelItinerary/AccountProfile/GSI/@Start"/>
      <xsl:template match="TravelItinerary/AccountProfile/GSI/@Type"/>
      <xsl:template match="TravelItinerary/AccountProfile/GSI/@Update"/>
      <xsl:template match="TravelItinerary/AccountProfile/GSIRemarkList/@PaxRef"/>
      <xsl:template match="TravelItinerary/AccountProfile/GSIRemarkList"/>
      <xsl:template match="TravelItinerary/AccountProfile/ClientGeneralRemarkList/Remark/@Lines"/>
      <xsl:template match="TravelItinerary/AccountProfile/ClientGeneralRemarkList/Remark/@Prefix"/>
      <xsl:template match="TravelItinerary/AccountProfile/ClientGeneralRemarkList/Remark"/>
      <xsl:template match="TravelItinerary/ItineraryInfo/ReservationItems/Item/Hotel/Reservation/SupplementalInfo/HotelCommissionPercentage"/>
      <xsl:template match="TravelItinerary/Remarks/MIRemarkList/UdidRemarkList/Remark/@ProviderToken"/>
      <xsl:template match="TravelItinerary/Remarks/MIRemarkList/UdidRemarkList/Remark/@Prefix"/>
      <xsl:template match="TravelItinerary/Remarks/MIRemarkList/UdidRemarkList/Remark"/>
      <xsl:template match="TravelItinerary/Remarks/MIRemarkList/SortRemarkList/Remark/@Prefix"/>
      <xsl:template match="TravelItinerary/Remarks/MIRemarkList/SortRemarkList/Remark/@ProviderToken"/>
      <xsl:template match="TravelItinerary/Remarks/MIRemarkList/SortRemarkList/Remark"/>
      <xsl:template match="TravelItinerary/Remarks/MIRemarkList/GovtRemarkList/Remark/@Prefix"/>
      <xsl:template match="TravelItinerary/Remarks/MIRemarkList/GovtRemarkList/Remark/@ProviderToken"/>
      <xsl:template match="TravelItinerary/Remarks/MIRemarkList/GovtRemarkList/Remark"/>
      <xsl:template match="TravelItinerary/Remarks/MIRemarkList/LowFare/@Amount"/>
      <xsl:template match="TravelItinerary/Remarks/MIRemarkList/LowFare/@ReasonCode"/>
      <xsl:template match="TravelItinerary/Remarks/MIRemarkList/NormalFare/@Amount"/>
      <xsl:template match="TravelItinerary/Remarks/MIRemarkList/NormalFare/@ReasonCode"/>
      <xsl:template match="TravelItinerary/Remarks/GeneralRemarkList/Remark/@Prefix"/>
      <xsl:template match="TravelItinerary/Remarks/GeneralRemarkList/Remark/@ProviderToken"/>
      <xsl:template match="TravelItinerary/Remarks/GeneralRemarkList/Remark"/>
      <xsl:template match="TravelItinerary/Remarks/InvoiceRemarkList/Remark/@Prefix"/>
      <xsl:template match="TravelItinerary/Remarks/InvoiceRemarkList/Remark/@ProviderToken"/>
      <xsl:template match="TravelItinerary/Remarks/InvoiceRemarkList/Remark"/>
      <xsl:template match="TravelItinerary/Remarks/ItineraryRemarkList/Remark/@ProviderToken"/>
      <xsl:template match="TravelItinerary/Remarks/ItineraryRemarkList/Remark/@SegmentNo"/>
      <xsl:template match="TravelItinerary/Remarks/ItineraryRemarkList/Remark"/>
      <!-- transformation T3 specific templates --><xsl:template match="CISAuthorizationEvent/TravelerEmail"/>
      <xsl:template match="CISAuthorizationEvent/AuthorizerEmailList/AuthorizerEmail"/>
      <xsl:template match="TravelItinerary/CustomerInfos/CustomerInfo/Customer/PTExempt"/>
      <xsl:template match="CISAuthorizationEvent/PreviousStatus"/>
      <xsl:template match="TravelItinerary/Ticketing/AirTicketList/Ticket/FormOfPayment/CreditCard/Vendor"/>
      <xsl:template match="TravelItinerary/Ticketing/AirTicketList/Ticket/FormOfPayment/CreditCard/AccountNum"/>
      <xsl:template match="TravelItinerary/Ticketing/AirTicketList/Ticket/FormOfPayment/CreditCard/ExpDate"/>
      <xsl:template match="TravelItinerary/CustomerInfos/CustomerInfo/Customer/Address/@Type"/>
      <xsl:template match="TravelItinerary/CustomerInfos/CustomerInfo/Customer/Address/AddressLine"/>
      <xsl:template match="TravelItinerary/CustomerInfos/CustomerInfo/Customer/CustLoyalty/@MembershipID"/>
      <xsl:template match="TravelItinerary/CustomerInfos/CustomerInfo/Customer/CustLoyalty/@ProgramID"/>
      <xsl:template match="TravelItinerary/TravelCost/FormOfPayment/@Remark"/>
      <xsl:template match="TravelItinerary/TravelCost/FormOfPayment/PaymentCard/@CardCode"/>
      <xsl:template match="TravelItinerary/TravelCost/FormOfPayment/PaymentCard/@CardNumber"/>
      <xsl:template match="TravelItinerary/TravelCost/FormOfPayment/PaymentCard/@ExpireDate"/>
      <xsl:template match="TravelItinerary/NonAirInvoiceLIst/Invoice/FormOfPayment/CreditCard/Vendor"/>
      <xsl:template match="TravelItinerary/NonAirInvoiceLIst/Invoice/FormOfPayment/CreditCard/AccountNum"/>
      <xsl:template match="TravelItinerary/NonAirInvoiceLIst/Invoice/FormOfPayment/CreditCard/ExpDate"/>
      <xsl:template match="TravelItinerary/ItineraryInfo/ReservationItems/Item/Hotel/Reservation/Guarantee/GuaranteesAccepted/GuaranteeAccepted/PaymentCard/@CardCode"/>
      <xsl:template match="TravelItinerary/ItineraryInfo/ReservationItems/Item/Hotel/Reservation/Guarantee/GuaranteesAccepted/GuaranteeAccepted/PaymentCard/@CardNumber"/>
      <xsl:template match="TravelItinerary/ItineraryInfo/ReservationItems/Item/Hotel/Reservation/Guarantee/GuaranteesAccepted/GuaranteeAccepted/PaymentCard/CardHolderName"/>
      <xsl:template match="TravelItinerary/ItineraryInfo/ReservationItems/Item/Car/SupplementalInfo/GuaranteeAuthorization/CreditCardRef/@AccountNo"/>
      <xsl:template match="TravelItinerary/ItineraryInfo/ReservationItems/Item/Car/SupplementalInfo/GuaranteeAuthorization/CreditCardRef/@ExpirationDate"/>
      <xsl:template match="TravelItinerary/ItineraryInfo/ReservationItems/Item/Car/SupplementalInfo/CarRentalMembership/@VendorCode"/>
      <xsl:template match="TravelItinerary/ItineraryInfo/ReservationItems/Item/Car/SupplementalInfo/AirlineMembership/@Id"/>
      <xsl:template match="TravelItinerary/ItineraryInfo/ReservationItems/PreTravelData/Ticket/@credit_card_comp"/>
      <xsl:template match="TravelItinerary/ItineraryInfo/ReservationItems/PreTravelData/Ticket/@credit_card_number"/>
      <xsl:template match="TravelItinerary/ItineraryInfo/ReservationItems/PreTravelData/Flight/@flt_ff"/>
      <xsl:template match="TravelItinerary/ItineraryInfo/ReservationItems/PreTravelData/Invoice/@account_number"/>
      <xsl:template match="TravelItinerary/ItineraryInfo/ReservationItems/PreTravelData/Invoice/@card_company"/>
      <xsl:template match="TravelItinerary/ItineraryInfo/ReservationItems/PreTravelData/Invoice/@card_expiration"/>
      <xsl:template match="TravelItinerary/ItineraryInfo/ReservationItems/PreTravelData/Invoice/@card_number"/>
      <xsl:template match="TravelItinerary/ItineraryInfo/ReservationItems/PreTravelData/Invoice/@original_amount"/>
      <xsl:template match="TravelItinerary/ItineraryInfo/ReservationItems/PreTravelData/Invoice/@original_currency"/>
      <xsl:template match="TravelItinerary/ItineraryInfo/ReservationItems/PreTravelData/Invoice/@pax_count"/>
      <xsl:template match="TravelItinerary/ItineraryInfo/ReservationItems/PreTravelData/Invoice/@pax_name"/>
   </xsl:stylesheet>
   <description/>
</localEntry>
