<?xml version="1.0" encoding="UTF-8"?>
<localEntry xmlns="http://ws.apache.org/ns/synapse" key="TransformRawmsgRequest">
   <xsl:stylesheet xmlns:xsl="http://www.w3.org/1999/XSL/Transform"
                   xmlns:fn="http://www.w3.org/2005/02/xpath-functions"
                   xmlns:m0="http://services.samples"
                   version="2.0"
                   exclude-result-prefixes="m0 fn">
      <xsl:output method="xml" omit-xml-declaration="yes" indent="yes"/>
      <xsl:param name="gds"/>
      <xsl:param name="recordLocator"/>
      <xsl:param name="RawXML"/>
      <xsl:template match="/">
         <TransformRawmsgRequest>
            <Rawmsg>
               <xsl:attribute name="gds">
                  <xsl:value-of select="$gds"/>
               </xsl:attribute>
               <xsl:attribute name="recordlocator">
                  <xsl:value-of select="$recordLocator"/>
               </xsl:attribute>
               <xsl:copy-of select="//RawMessageProcessorRequest/*[position()=3]"/>
            </Rawmsg>
         </TransformRawmsgRequest>
      </xsl:template>
   </xsl:stylesheet>
   <description/>
</localEntry>
