<?xml version="1.0" encoding="UTF-8"?>
<localEntry xmlns="http://ws.apache.org/ns/synapse" key="TravelportBF">
   <xsl:stylesheet xmlns:xsl="http://www.w3.org/1999/XSL/Transform"
                   xmlns:xs="http://www.w3.org/2001/XMLSchema"
                   xmlns:fn="http://www.w3.org/2005/xpath-functions"
                   version="2.0">
      <xsl:output method="xml" version="1.0" encoding="UTF-8" indent="yes"/>
      <xsl:include href="Remarks.xml"/>
      <xsl:variable name="name">
         <xsl:for-each select="//GIDS/BookingFareData/BookingData/PassengerInformation/NameItem">
            <xsl:element name="Name">
               <xsl:attribute name="Last" select="LastName"/>
               <xsl:attribute name="First" select="FirstName/Name"/>
               <xsl:attribute name="pax"
                              select="concat(LastNameElementNbr,'.','0',FirstName/PassengerElementNbr)"/>
            </xsl:element>
         </xsl:for-each>
      </xsl:variable>
      <xsl:variable name="miData">
         <xsl:for-each select="//GIDS/BookingFareData/BookingData/RemarkInformation/ItineraryInvoiceRemark[starts-with(FreeText,'L-')][1]">
            <xsl:element name="LowFare">
               <xsl:if test="contains(FreeText,'@')">
                  <xsl:attribute name="Amount"
                                 select="substring-before(substring-after(FreeText,'L-'),'@')"/>
                  <xsl:attribute name="ReasonCode" select="substring-after(FreeText,'@')"/>
               </xsl:if>
               <xsl:if test="contains(substring-after(FreeText,'L-'),'-')">
                  <xsl:attribute name="Amount"
                                 select="substring-before(substring-after(FreeText,'L-'),'-')"/>
                  <xsl:attribute name="ReasonCode"
                                 select="substring-after(substring-after(FreeText,'L-'),'-')"/>
               </xsl:if>
            </xsl:element>
         </xsl:for-each>
         <xsl:for-each select="//GIDS/BookingFareData/BookingData/RemarkInformation/ItineraryInvoiceRemark[starts-with(FreeText,'N-')][1]">
            <xsl:element name="NormalFare">
               <xsl:choose>
                  <xsl:when test="contains(FreeText,'@')">
                     <xsl:attribute name="Amount"
                                    select="substring-before(substring-after(FreeText,'N-'),'@')"/>
                     <xsl:attribute name="ReasonCode" select="substring-after(FreeText,'@')"/>
                  </xsl:when>
                  <xsl:when test="contains(substring-after(FreeText,'N-'),'-')">
                     <xsl:attribute name="Amount"
                                    select="substring-before(substring-after(FreeText,'N-'),'-')"/>
                     <xsl:attribute name="ReasonCode"
                                    select="substring-after(substring-after(FreeText,'N-'),'-')"/>
                  </xsl:when>
                  <xsl:otherwise>
                     <xsl:attribute name="Amount" select="substring-after(FreeText,'N-')"/>
                  </xsl:otherwise>
               </xsl:choose>
            </xsl:element>
         </xsl:for-each>
      </xsl:variable>
      <xsl:variable name="flightsegs">
         <xsl:for-each select="//GIDS/BookingFareData/BookingData/TravelSegments/AirSegment">
            <xsl:element name="Air">
               <xsl:attribute name="segtok"
                              select="concat(AirlineCode,FlightNbr,BookingCode,BoardPoint,OffPoint,Date,'T',DepartureTime)"/>
               <xsl:attribute name="segno" select="SegmentNbr"/>
               <xsl:variable name="arrivaldate">
                  <xsl:apply-templates select="." mode="DATE"/>
               </xsl:variable>
               <xsl:attribute name="arrivaldate" select="$arrivaldate"/>
            </xsl:element>
         </xsl:for-each>
      </xsl:variable>
      <xsl:variable name="carRc">
         <xsl:for-each select="//GIDS/BookingFareData/BookingData/RemarkInformation/GeneralRemark[GeneralRemarkQualifier='A'][starts-with(GeneralRemarkText,'CAR')][1]">
            <xsl:value-of select="substring-after(GeneralRemarkText,'CAR ')"/>
         </xsl:for-each>
      </xsl:variable>
      <xsl:variable name="hotelRc">
         <xsl:for-each select="//GIDS/BookingFareData/BookingData/RemarkInformation/GeneralRemark[GeneralRemarkQualifier='A'][starts-with(GeneralRemarkText,'CAR')][1]">
            <xsl:value-of select="substring-after(GeneralRemarkText,'CAR ')"/>
         </xsl:for-each>
      </xsl:variable>
      <xsl:template match="/">
         <xsl:variable name="itinsegs"
                       select="count(//GIDS/BookingFareData/BookingData/TravelSegments/*)"/>
         <xsl:variable name="numpax"
                       select="count(//GIDS/BookingFareData/BookingData/PassengerInformation/NameItem)"/>
         <xsl:variable name="tkts"><!--<xsl:apply-templates select="//GIDS/BookingFareData/BookingData/SSRInformation/ProgrammaticSSR[SSRCode='TKNE']" mode="TKTS"/>--><xsl:for-each select="//GIDS/BookingFareData/BookingData/SSRInformation/ProgrammaticSSR[SSRCode='TKNE']">
               <xsl:element name="Ticket" namespace="">
                  <xsl:attribute name="nmbr" select="substring-before(FreeText,'C')"/>
                  <xsl:attribute name="shortnmbr" select="substring(substring-before(FreeText,'C'),11)"/>
                  <xsl:attribute name="segno" select="SegmentNbr"/>
                  <xsl:attribute name="cpn" select="substring(substring-after(FreeText,'C'),1,1)"/>
                  <xsl:attribute name="paxref"
                                 select="concat(NameItem/LastNameElementNbr,'.',NameItem/PassengerElementNbr)"/>
               </xsl:element>
            </xsl:for-each>
         </xsl:variable>
         <xsl:variable name="jlines">
            <xsl:for-each select="//GIDS/BookingFareData/BookingData/RemarkInformation/GeneralRemark[GeneralRemarkQualifier='*J' or GeneralRemarkQualifier='J' ][contains(GeneralRemarkText,'TK-')][contains(GeneralRemarkText,'*G-') or contains(GeneralRemarkText,'*L-') ]">
               <xsl:element name="Line">
                  <xsl:choose>
                     <xsl:when test="substring-before(substring-after(GeneralRemarkText,'TK-'),'*') castable as xs:decimal">
                        <xsl:attribute name="tkt"
                                       select="substring-before(substring-after(GeneralRemarkText,'TK-'),'*')"/>
                     </xsl:when>
                     <xsl:when test="contains(substring-before(substring-after(GeneralRemarkText,'TK-'),'*'),'FF')">
                        <xsl:attribute name="atfqnum"
                                       select="substring-before(substring-after(GeneralRemarkText,'TK-FF'),'*')"/>
                     </xsl:when>
                     <xsl:when test="contains(substring-before(substring-after(GeneralRemarkText,'TK-'),'*'),'XX')">
                        <xsl:attribute name="atfqnum"
                                       select="substring-before(substring-after(GeneralRemarkText,'TK-XX'),'*')"/>
                     </xsl:when>
                  </xsl:choose>
                  <xsl:value-of select="substring(GeneralRemarkText,7)"/>
               </xsl:element>
            </xsl:for-each>
         </xsl:variable>
         <xsl:element name="OTA_TravelItineraryRS">
            <xsl:attribute name="TimeStamp" select="current-dateTime()"/>
            <xsl:attribute name="Version" select="'1.0'"/>
            <xsl:apply-templates select="//GIDS/BookingFareData/BookingData/GeneralInformation"
                                 mode="GENERAL"/>
            <xsl:element name="TravelItinerary">
               <xsl:if test="//GIDS[TicketingData/TicketEvent]">
                  <xsl:element name="Ticketing">
                     <xsl:element name="AirTicketList">
                        <xsl:apply-templates select="//GIDS[TicketingData/TicketEvent]" mode="TKT"/>
                     </xsl:element>
                  </xsl:element>
               </xsl:if>
               <xsl:apply-templates select="//GIDS/BookingFareData/BookingData/GeneralInformation"
                                    mode="ACCESS"/>
               <xsl:element name="CustomerInfos">
                  <xsl:element name="CustomerInfo">
                     <xsl:apply-templates select="//GIDS/BookingFareData/BookingData/PassengerInformation/NameItem"
                                          mode="PAX"/>
                  </xsl:element>
               </xsl:element>
               <xsl:if test="//GIDS/BookingFareData/BookingData/SeatSegment">
                  <xsl:element name="SeatAssignmentList">
                     <xsl:apply-templates select="//GIDS/BookingFareData/BookingData/SeatSegment"/>
                  </xsl:element>
               </xsl:if>
               <xsl:if test="//GIDS/BookingFareData/BookingData/GeneralRemark[starts-with(GeneralRemarkText,'FQ-784-TMU1')] or //GIDS/BookingFareData/FareData">
                  <xsl:element name="TravelCost">
                     <xsl:apply-templates select="//GIDS/BookingFareData/BookingData/RemarkInformation/GeneralRemark[starts-with(GeneralRemarkText,'FQ-')][GeneralRemarkQualifier='*J'][contains(GeneralRemarkText,'-TMU')]"
                                          mode="FOP"/>
                     <xsl:apply-templates select="//GIDS/BookingFareData/BookingData/RemarkInformation/GeneralRemark[starts-with(GeneralRemarkText,'FOP-F-')][GeneralRemarkQualifier='A'][1]"
                                          mode="FOP1"/>
                     <xsl:if test="//GIDS/BookingFareData/FareData">
                        <xsl:element name="StoredFareList">
                           <xsl:apply-templates select="//GIDS/BookingFareData/FareData/FareQuote" mode="SF">
                              <xsl:with-param name="tkts" select="$tkts"/>
                              <xsl:with-param name="jlines" select="$jlines"/>
                           </xsl:apply-templates>
                        </xsl:element>
                     </xsl:if>
                  </xsl:element>
               </xsl:if>
               <xsl:if test="//GIDS/BookingFareData/BookingData/OtherServiceInfo">
                  <xsl:element name="OSIMessageList">
                     <xsl:apply-templates select="//GIDS/BookingFareData/BookingData/OtherServiceInfo"/>
                  </xsl:element>
               </xsl:if>
               <xsl:if test="//GIDS/BookingFareData/BookingData/SSRInformation">
                  <xsl:element name="SSRRequestAckList">
                     <xsl:apply-templates select="//GIDS/BookingFareData/BookingData/SSRInformation"/>
                  </xsl:element>
               </xsl:if>
               <xsl:if test="//GIDS/BookingFareData/BookingData/RemarkInformation/ItineraryInvoiceRemark[starts-with(FreeText,'BA-')]">
                  <xsl:element name="BookingProfile">
                     <xsl:element name="AgentGMAXID">
                        <xsl:value-of select="substring-after(//GIDS/BookingFareData/BookingData/RemarkInformation/ItineraryInvoiceRemark[starts-with(FreeText,'BA-')]/FreeText,'BA-')"/>
                     </xsl:element>
                  </xsl:element>
               </xsl:if>
               <xsl:if test="$itinsegs &gt; 0">
                  <xsl:element name="ItineraryInfo">
                     <xsl:element name="ReservationItems">
                        <xsl:apply-templates select="//GIDS/BookingFareData/BookingData/TravelSegments/*"
                                             mode="SEGS">
                           <xsl:with-param name="numpax" select="$numpax"/>
                        </xsl:apply-templates>
                     </xsl:element>
                  </xsl:element>
               </xsl:if>
               <xsl:element name="Remarks">
                  <xsl:element name="GeneralRemarkList">
                     <xsl:apply-templates select="//GIDS/BookingFareData/BookingData/RemarkInformation/GeneralRemark"/>
                     <xsl:for-each select="//GIDS/BookingFareData/BookingData/TicketingArrangements/TicketingArrangement[FreeText]">
                        <xsl:element name="Remark">
                           <xsl:attribute name="Prefix">
                              <xsl:text>TIL</xsl:text>
                           </xsl:attribute>
                           <xsl:value-of select="FreeText"/>
                        </xsl:element>
                        <!--
								xsl:element name="PaxRefList"> <xsl:value-of select="."/>
								</xsl:element
							--></xsl:for-each>
                  </xsl:element>
                  <xsl:element name="InvoiceRemarkList">
                     <xsl:apply-templates select="//GIDS/BookingFareData/BookingData/RemarkInformation/ItineraryInvoiceRemark"/>
                  </xsl:element>
                  <xsl:element name="ItineraryRemarkList">
                     <xsl:apply-templates select="//GIDS/BookingFareData/BookingData/RemarkInformation/ItineraryRemark"/>
                  </xsl:element>
               </xsl:element>
            </xsl:element>
         </xsl:element>
      </xsl:template>
      <xsl:template match="GeneralInformation" mode="GENERAL">
         <xsl:element name="PNRRef">
            <xsl:attribute name="AtlasGDS">
               <xsl:choose>
                  <xsl:when test="OwningCRS='1G'">
                     <xsl:value-of select="'GAL'"/>
                  </xsl:when>
                  <xsl:when test="OwningCRS='1V'">
                     <xsl:value-of select="'APO'"/>
                  </xsl:when>
               </xsl:choose>
            </xsl:attribute>
            <!-- NEEDS WORK--><xsl:attribute name="Interactive">
               <xsl:choose>
                  <xsl:when test="//GIDS/BookingFareData/BookingData/RemarkInformation/ItineraryInvoiceRemark[starts-with(FreeText,'G3')]">
                     <xsl:value-of select="'true'"/>
                  </xsl:when>
                  <xsl:otherwise>
                     <xsl:value-of select="'false'"/>
                  </xsl:otherwise>
               </xsl:choose>
            </xsl:attribute>
            <xsl:attribute name="RecordLocator">
               <xsl:value-of select="PNRRecordLocator    "/>
            </xsl:attribute>
            <xsl:attribute name="SystemId">
               <xsl:choose>
                  <xsl:when test="OwningCRS='1G'">
                     <xsl:value-of select="'GALILEO'"/>
                  </xsl:when>
                  <xsl:when test="OwningCRS='1V'">
                     <xsl:value-of select="'APOLLO'"/>
                  </xsl:when>
               </xsl:choose>
            </xsl:attribute>
         </xsl:element>
         <xsl:element name="Success"/>
      </xsl:template>
      <xsl:template match="SeatSegment">
         <xsl:for-each select="SeatAssignment">
            <xsl:element name="SeatAssignment">
               <xsl:attribute name="StartAirportCode" select="ancestor::SeatSegment/BoardPoint"/>
               <xsl:attribute name="EndAirportCode" select="ancestor::SeatSegment/OffPoint"/>
               <xsl:attribute name="ProviderPaxRef">
                  <xsl:choose>
                     <xsl:when test="string-length(PassengerElementNbr)&gt;0">
                        <xsl:value-of select="concat(LastNameElementNbr,'.',PassengerElementNbr)"/>
                     </xsl:when>
                     <xsl:otherwise>
                        <xsl:value-of select="concat(number(AbsoluteNameElementID),'.','1')"/>
                     </xsl:otherwise>
                  </xsl:choose>
               </xsl:attribute>
               <xsl:attribute name="SegNo" select="ancestor::SeatSegment/AirlineSegmentNbr"/>
               <xsl:attribute name="StatusCode" select="SeatStatusCode"/>
            </xsl:element>
            <xsl:element name="SeatLocation">
               <xsl:attribute name="Id" select="SeatLocation"/>
               <xsl:for-each select="SeatCharacteristic">
                  <xsl:element name="SeatAttrib">
                     <xsl:attribute name="Code" select="."/>
                     <!--DECODE
	<xsl:attribute name="Description" select="pxf:decodeSeats(.)"/>--></xsl:element>
               </xsl:for-each>
            </xsl:element>
         </xsl:for-each>
      </xsl:template>
      <xsl:template match="GIDS" mode="TKT">
         <xsl:for-each select="TicketingData/TicketEvent">
            <xsl:element name="Ticket">
               <xsl:attribute name="Status">
                  <xsl:choose>
                     <xsl:when test="TicketStatus='A'">
                        <xsl:value-of select="'ACTIVE'"/>
                     </xsl:when>
                     <xsl:when test="TicketStatus='R'">
                        <xsl:value-of select="'REFUND'"/>
                     </xsl:when>
                     <xsl:when test="TicketStatus='V'">
                        <xsl:value-of select="'VOID'"/>
                     </xsl:when>
                     <xsl:when test="TicketStatus='E'">
                        <xsl:value-of select="'EXCHNAGED'"/>
                     </xsl:when>
                  </xsl:choose>
               </xsl:attribute>
               <xsl:attribute name="Type">
                  <xsl:value-of select="following-sibling::TicketTransaction/TicketType"/>
               </xsl:attribute>
               <xsl:apply-templates select="following-sibling::TicketTransaction">
                  <xsl:with-param name="tktdate" select="DateOfIssue"/>
                  <xsl:with-param name="tktno" select="TicketNumber"/>
                  <xsl:with-param name="pcc" select="PseudoCity"/>
               </xsl:apply-templates>
               <xsl:apply-templates select="following-sibling::FareAmount"/>
            </xsl:element>
         </xsl:for-each>
      </xsl:template>
      <xsl:template match="GeneralInformation" mode="ACCESS">
         <xsl:element name="AccessHistory">
            <xsl:element name="Created">
               <xsl:attribute name="Time">
                  <xsl:value-of select="TPFDateTimeStamp"/>
               </xsl:attribute>
               <xsl:element name="Agency">
                  <xsl:attribute name="AgencyId">
                     <xsl:value-of select="OwningAgencyPseudo"/>
                  </xsl:attribute>
                  <xsl:attribute name="AgentId">
                     <xsl:value-of select="TransactionAgent"/>
                  </xsl:attribute>
               </xsl:element>
               <xsl:element name="ControlPCC">
                  <xsl:value-of select="OwningAgencyPseudo"/>
               </xsl:element>
            </xsl:element>
            <xsl:element name="LastModified">
               <xsl:attribute name="AgencyId">
                  <xsl:value-of select="TransactionPseudo"/>
               </xsl:attribute>
               <xsl:attribute name="AgentId">
                  <xsl:value-of select="TransactionAgent"/>
               </xsl:attribute>
            </xsl:element>
         </xsl:element>
      </xsl:template>
      <xsl:template match="NameItem" mode="PAX">
         <xsl:variable name="lastname" select="LastName"/>
         <xsl:variable name="lne" select="LastNameElementNbr"/>
         <xsl:variable name="type" select="NameType"/>
         <xsl:element name="Customer">
            <xsl:for-each select="FirstName">
               <xsl:element name="PersonName">
                  <xsl:attribute name="ProviderPaxId">
                     <xsl:value-of select="concat($lne,'.',PassengerElementNbr)"/>
                  </xsl:attribute>
                  <xsl:attribute name="Type">
                     <xsl:choose>
                        <xsl:when test="NameType = 'I'">
                           <xsl:value-of select="'INF'"/>
                        </xsl:when>
                        <xsl:otherwise>
                           <xsl:value-of select="'ADT'"/>
                        </xsl:otherwise>
                     </xsl:choose>
                  </xsl:attribute>
                  <xsl:element name="GivenName">
                     <xsl:value-of select="Name"/>
                  </xsl:element>
                  <xsl:element name="Surname">
                     <xsl:value-of select="$lastname"/>
                  </xsl:element>
               </xsl:element>
            </xsl:for-each>
            <xsl:apply-templates select="following-sibling::Phone" mode="PHONE"/>
            <xsl:apply-templates select="following-sibling::Email" mode="EMAIL"/>
         </xsl:element>
         <xsl:for-each select="following-sibling::FrequentFlyerNbr">
            <xsl:element name="CustLoyalty">
               <xsl:attribute name="PaxRef"
                              select="concat(LastNameElementNbr,'.',PassengerElementNbr)"/>
               <xsl:attribute name="MembershipId" select="FrequentTravelerNbr"/>
               <xsl:attribute name="VendorCode" select="FrequentTravelerVendor"/>
               <xsl:for-each select="CrossAccrualVendor">
                  <xsl:element name="PartnerVendor">
                     <xsl:value-of select="CrossAccrualVendor"/>
                  </xsl:element>
               </xsl:for-each>
            </xsl:element>
         </xsl:for-each>
      </xsl:template>
      <xsl:template match="Phone" mode="PHONE">
         <xsl:element name="Telephone">
            <xsl:if test="string-length(AreaCityCode) &gt; 0">
               <xsl:attribute name="AreaCityCode">
                  <xsl:value-of select="CityCode"/>
               </xsl:attribute>
            </xsl:if>
            <xsl:attribute name="RPH">
               <xsl:value-of select="PhoneItemNbr"/>
            </xsl:attribute>
            <xsl:element name="PhoneNumber">
               <xsl:attribute name="No">
                  <xsl:value-of select="PhoneNbr"/>
               </xsl:attribute>
               <xsl:attribute name="PhoneUseType">
                  <xsl:value-of select="Type"/>
               </xsl:attribute>
            </xsl:element>
         </xsl:element>
      </xsl:template>
      <xsl:template match="Email" mode="EMAIL">
         <xsl:choose>
            <xsl:when test="Type='C'">
               <xsl:attribute name="Remark" select="."/>
            </xsl:when>
            <xsl:otherwise>
               <xsl:element name="Email">
                  <xsl:attribute name="RPH">
                     <xsl:value-of select="EmailItemNbr"/>
                  </xsl:attribute>
                  <xsl:value-of select="EmailAddress"/>
               </xsl:element>
            </xsl:otherwise>
         </xsl:choose>
      </xsl:template>
      <xsl:template match="AirSegment" mode="SEGS">
         <xsl:param name="numpax"/>
         <xsl:variable name="currentdate" select="current-date()"/>
         <xsl:variable name="date"
                       select="concat(substring(Date,1,4),'-',substring(Date,5,2),'-',substring(Date,7,2))"/>
         <xsl:variable name="arrivaldate">
            <xsl:apply-templates select="." mode="DATE"/>
         </xsl:variable>
         <xsl:variable name="rph">
            <xsl:value-of select="1 + count(preceding-sibling::*)"/>
         </xsl:variable>
         <xsl:variable name="code" select="AirlineCode"/>
         <!--<xsl:variable name="arr" select="format-date($arrivaldate,'[Y0001][M01][D01]')"/>--><xsl:element name="Item">
            <xsl:element name="Air">
               <xsl:attribute name="RPH" select="$rph"/>
               <xsl:attribute name="SegToken"
                              select="concat(AirlineCode,FlightNbr,BookingCode,BoardPoint,OffPoint,Date,'T',DepartureTime)"/>
               <xsl:attribute name="IsPastDate">
                  <xsl:choose>
                     <xsl:when test="$currentdate &gt; xs:date($date)">
                        <xsl:value-of select="'true'"/>
                     </xsl:when>
                     <xsl:otherwise>
                        <xsl:value-of select="'false'"/>
                     </xsl:otherwise>
                  </xsl:choose>
               </xsl:attribute>
               <xsl:attribute name="StatusCode" select="StatusCode"/>
               <xsl:element name="Reservation">
                  <xsl:attribute name="DepartureDateTime" select="concat(Date,'T',DepartureTime)"/>
                  <xsl:attribute name="ArrivalDateTime" select="$arrivaldate"/>
                  <xsl:apply-templates select="ancestor::BookingData/VendorInformation/VendorRemarks[VendorCode=$code]"
                                       mode="CONFO"/>
                  <!-- DECODE pxf:airEquipDecode(EquipmentType)--><xsl:attribute name="EquipmentName" select="EquipmentType"/>
                  <xsl:attribute name="FlightNumber" select="FlightNbr"/>
                  <xsl:attribute name="MilesFlown" select="Mileage"/>
                  <xsl:attribute name="NumberInParty" select="$numpax"/>
                  <xsl:attribute name="ResBookDesigCode" select="BookingCode"/>
                  <xsl:attribute name="Status">
                     <xsl:choose>
                        <xsl:when test="StatusCode='HK' or StatusCode='KK'">
                           <xsl:value-of select="'Y'"/>
                        </xsl:when>
                        <xsl:otherwise>
                           <xsl:value-of select="'N'"/>
                        </xsl:otherwise>
                     </xsl:choose>
                  </xsl:attribute>
                  <xsl:attribute name="StatusCode" select="StatusCode"/>
                  <xsl:element name="DepartureAirport">
                     <xsl:attribute name="LocationCode" select="BoardPoint"/>
                  </xsl:element>
                  <xsl:element name="ArrivalAirport">
                     <xsl:attribute name="LocationCode" select="OffPoint"/>
                  </xsl:element>
                  <xsl:variable name="airname" select="'United Airlines,United'"/>
                  <xsl:element name="OperatingAirline">
                     <xsl:choose>
                        <xsl:when test="OperatingAirline">
                           <xsl:choose>
                              <xsl:when test="string-length(OperatingAirline/AirlineCode) &gt; 0">
                                 <xsl:attribute name="Code" select="OperatingAirline/AirlineCode"/>
                              </xsl:when>
                              <xsl:otherwise>
                                 <xsl:attribute name="Code" select="AirlineCode"/>
                              </xsl:otherwise>
                           </xsl:choose>
                           <xsl:if test="string-length(OperatingAirline/AirlineName) &gt; 0">
                              <xsl:attribute name="CompanyShortName" select="OperatingAirline/AirlineName"/>
                           </xsl:if>
                        </xsl:when>
                        <xsl:otherwise>
                           <xsl:attribute name="Code" select="AirlineCode"/>
                           <!--DECODE
		              <xsl:attribute name="CompanyShortName" select="tokenize(pxf:airlineDecode(AirlineCode),',')[1]"/>--><!-- Test to see how tokenize would work off the airname variable   <xsl:attribute name="CompanyLongName" select="tokenize($airname,',')[1]"/>
				<xsl:attribute name="CompanyShortName" select="tokenize($airname,',')[last()]"/>--></xsl:otherwise>
                     </xsl:choose>
                  </xsl:element>
                  <xsl:for-each select="ChangeOfGauge">
                     <xsl:element name="Equipment">
                        <xsl:if test="string-length(OffPoint) &gt; 0">
                           <xsl:attribute name="ChangeofGauge">
                              <xsl:text>true</xsl:text>
                           </xsl:attribute>
                           <xsl:attribute name="ChangeofGaugeCity">
                              <xsl:value-of select="OffPoint"/>
                           </xsl:attribute>
                        </xsl:if>
                     </xsl:element>
                  </xsl:for-each>
                  <xsl:element name="MarketingAirline">
                     <xsl:attribute name="Code" select="AirlineCode"/>
                     <!--DECODE
				<xsl:attribute name="CompanyShortName" select="substring-after(tokenize(pxf:airlineDecode(AirlineName),',')[2]"/>
				<xsl:attribute--></xsl:element>
                  <xsl:element name="FlightLeg">
                     <xsl:attribute name="StartAirportCode" select="BoardPoint"/>
                     <!--DECODE
				<xsl:attribute name="StartAirportName" select="tokenize(pxf:airportDecode(BoardPoint),',')[1]"/>--><xsl:attribute name="EndAirportCode" select="OffPoint"/>
                     <!--DECODE
				<xsl:attribute name="EndAirportName" select="tokenize(pxf:airportDecode(OffPoint),',')[1]"/>--><xsl:attribute name="StartTime" select="concat(Date,'T',DepartureTime)"/>
                     <xsl:attribute name="EndTime" select="concat($arrivaldate,'T',ArrivalTime)"/>
                     <!--DECODE need to calculate GMT time copy GMT template from SabreBF.xsl>

--></xsl:element>
                  <xsl:element name="Details">
                     <xsl:attribute name="Equip" select="EquipmentType"/>
                     <!--DECODE
				<xsl:attribute name="EquipmentName" select="pxf:airEquipDecode(EquipmentType)"/>--><!--DECODE SUBSTRACT GMT TIMES 
			   <xsl:attribute name="FlightDuration" select="xs:dateTime('2014-06-27T12:36:00Z')-xs:dateTime('2014-06-26T00:00:00Z')"/>  --><xsl:attribute name="MilesFlown" select="Mileage"/>
                  </xsl:element>
                  <xsl:element name="OperatingAirline">
                     <xsl:choose>
                        <xsl:when test="OperatingAirline">
                           <xsl:if test="OperatingAirline/AirlineCode">
                              <xsl:attribute name="Code" select="OperatingAirline/AirlineCode"/>
                           </xsl:if>
                           <xsl:attribute name="CompanyShortName" select="OperatingAirline/AirlineName"/>
                        </xsl:when>
                        <xsl:otherwise>
                           <xsl:attribute name="Code" select="AirlineCode"/>
                           <!--DECODE
		<xsl:attribute name="CompanyShortName" select="tokenize(pxf:airlineDecode(AirlineCode),',')[1]"/>--></xsl:otherwise>
                     </xsl:choose>
                  </xsl:element>
               </xsl:element>
               <xsl:element name="BookingClassAvails">
                  <xsl:attribute name="CabinType" select="ClassOfServDesc"/>
                  <xsl:element name="BookingClassAvail"><!-- DECODE
			<xsl:attribute name="ResBookDesigCode" select="pxf:classDecode(concat(AirlineCode,BookingCode))"/>--><xsl:attribute name="ResBookDesigStatusCode" select="BookingCode"/>
                  </xsl:element>
               </xsl:element>
            </xsl:element>
         </xsl:element>
      </xsl:template>
      <xsl:template match="AirSegment" mode="DATE">
         <xsl:variable name="date"
                       select="concat(substring(Date,1,4),'-',substring(Date,5,2),'-',substring(Date,7,2))"/>
         <xsl:variable name="arr">
            <xsl:choose>
               <xsl:when test="ChangeOfDay = '01'">
                  <xsl:value-of select="format-date(xs:date($date) + xs:dayTimeDuration('P1D'),'[Y0001][M01][D01]')"/>
               </xsl:when>
               <xsl:when test="ChangeOfDay = '02'">
                  <xsl:value-of select="format-date(xs:date($date) + xs:dayTimeDuration('P2D'),'[Y0001][M01][D01]')"/>
               </xsl:when>
               <xsl:when test="ChangeOfDay = '-1'">
                  <xsl:value-of select="format-date(xs:date($date) - xs:dayTimeDuration('P1D'),'[Y0001][M01][D01]')"/>
               </xsl:when>
               <xsl:otherwise>
                  <xsl:value-of select="translate($date,'-','')"/>
               </xsl:otherwise>
            </xsl:choose>
         </xsl:variable>
         <xsl:value-of select="concat($arr,'T',ArrivalTime)"/>
      </xsl:template>
      <xsl:template match="HotelSegment" mode="SEGS">
         <xsl:variable name="currentdate" select="current-date()"/>
         <xsl:variable name="date"
                       select="concat(substring(ArrivalDate,1,4),'-',substring(ArrivalDate,5,2),'-',substring(ArrivalDate,7,2))"/>
         <xsl:variable name="ddate"
                       select="concat(substring(DepartureDate,1,4),'-',substring(DepartureDate,5,2),'-',substring(DepartureDate,7,2))"/>
         <xsl:variable name="rph">
            <xsl:value-of select="1 + count(preceding-sibling::*)"/>
         </xsl:variable>
         <xsl:variable name="Ratebeforedecpos">
            <xsl:value-of select="string-length(RateAmount) - NumberOfDecimals"/>
         </xsl:variable>
         <xsl:variable name="Rateafterdecpos">
            <xsl:value-of select="$Ratebeforedecpos+1"/>
         </xsl:variable>
         <xsl:element name="Item">
            <xsl:element name="Hotel">
               <xsl:variable name="lastName"
                             select="HotelOptionalInfo[OptionalFieldID='NL']/OptionalFieldContents"/>
               <xsl:variable name="firstName"
                             select="HotelOptionalInfo[OptionalFieldID='NF']/OptionalFieldContents"/>
               <xsl:attribute name="ConfirmationNumber" select="ConfirmationNbr"/>
               <xsl:attribute name="IsPastDate">
                  <xsl:choose>
                     <xsl:when test="$currentdate &gt; xs:date($date)">
                        <xsl:value-of select="'true'"/>
                     </xsl:when>
                     <xsl:otherwise>
                        <xsl:value-of select="'false'"/>
                     </xsl:otherwise>
                  </xsl:choose>
               </xsl:attribute>
               <xsl:attribute name="RPH" select="$rph"/>
               <xsl:attribute name="SegToken"
                              select="concat(ChainCode,RoomMasterID,'/',ArrivalDate,DepartureDate,BookingCode)"/>
               <xsl:attribute name="SegType" select="'AUTOMATIC'"/>
               <xsl:attribute name="StatusCode" select="StatusCode"/>
               <xsl:element name="Reservation">
                  <xsl:element name="RoomTypes">
                     <xsl:element name="RoomType">
                        <xsl:attribute name="BkgCode" select="BookingCode"/>
                        <xsl:attribute name="NumberOfUnits" select="NumberOfRooms"/>
                        <xsl:attribute name="RoomTypeCode" select="substring(BookingCode,1,3)"/>
                     </xsl:element>
                  </xsl:element>
                  <xsl:element name="RoomRates">
                     <xsl:element name="RoomRate">
                        <xsl:attribute name="NumberOfUnits" select="NumberOfRooms"/>
                        <xsl:attribute name="Occupancy" select="NumberOfPersons"/>
                        <xsl:element name="Rates">
                           <xsl:element name="Rate">
                              <xsl:element name="Base">
                                 <xsl:attribute name="AmountBeforeTax">
                                    <xsl:value-of select="number(substring(RateAmount,1,$Ratebeforedecpos))"/>
                                    <xsl:value-of select="'.'"/>
                                    <xsl:value-of select="substring(RateAmount,$Rateafterdecpos)"/>
                                 </xsl:attribute>
                                 <xsl:attribute name="CurrencyCode" select="CurrencyCode"/>
                              </xsl:element>
                           </xsl:element>
                        </xsl:element>
                     </xsl:element>
                  </xsl:element>
                  <xsl:element name="Timespan">
                     <xsl:attribute name="Start" select="$date"/>
                     <xsl:attribute name="End" select="$ddate"/>
                     <xsl:attribute name="Duration" select="xs:date($ddate) - xs:date($date)"/>
                  </xsl:element>
                  <xsl:if test="HotelOptionalInfo/OptionalFieldID='GT'">
                     <xsl:variable name="cardNum"
                                   select="HotelOptionalInfo[OptionalFieldID='GT']/OptionalFieldContents"/>
                     <xsl:element name="Guarantee">
                        <xsl:attribute name="GuaranteeType" select="'None'"/>
                        <xsl:element name="GuaranteesAccepted">
                           <xsl:element name="GuaranteeAccepted">
                              <xsl:element name="PaymentCard">
                                 <xsl:attribute name="CardCode" select="substring($cardNum,1,2)"/>
                                 <xsl:attribute name="CardNumber"
                                                select="substring-before(substring($cardNum,3),'EXP')"/>
                                 <xsl:attribute name="ExpireDate"
                                                select="concat('20',substring(substring-after($cardNum,'EXP'),3,2),substring(substring-after($cardNum,'EXP'),1,2),'01')"/>
                              </xsl:element>
                           </xsl:element>
                        </xsl:element>
                     </xsl:element>
                  </xsl:if>
                  <xsl:element name="PaxRefList">
                     <xsl:for-each select="$name/Name[@Last=$lastName][contains(@First,$firstName)]">
                        <xsl:element name="PaxRef">
                           <xsl:value-of select="@pax"/>
                        </xsl:element>
                     </xsl:for-each>
                  </xsl:element>
                  <xsl:element name="BasicPropertyInfo">
                     <xsl:attribute name="ChainCode" select="ChainCode"/>
                     <xsl:attribute name="HotelCityCode" select="CityCode"/>
                     <xsl:attribute name="HotelCode" select="RoomMasterID"/>
                     <xsl:attribute name="VendorCode" select="ChainCode"/>
                  </xsl:element>
                  <xsl:element name="HotelLocationInfo">
                     <xsl:attribute name="CityCode" select="CityCode"/>
                     <xsl:attribute name="Latitude"/>
                     <xsl:attribute name="Longitude"/>
                     <xsl:element name="Name">
                        <xsl:value-of select="HotelPropertyName"/>
                     </xsl:element>
                     <xsl:element name="PrimaryAirport">
                        <xsl:value-of select="CityCode"/>
                     </xsl:element>
                  </xsl:element>
                  <xsl:element name="AddressForm1">
                     <xsl:for-each select="tokenize(HotelAddress[1],'@')[. != '']">
                        <xsl:element name="AL">
                           <xsl:value-of select="."/>
                        </xsl:element>
                     </xsl:for-each>
                  </xsl:element>
                  <!--<xsl:element name="AddressForm2">
				<xsl:element name="AL"><xsl:value-of select="tokenize(HotelAddress[1],'@')[1]"/></xsl:element>
				<xsl:element name="City"><xsl:value-of select="tokenize(HotelAddress[1],'@')[2]"/></xsl:element>
				<xsl:element name="State"><xsl:value-of select="tokenize(HotelAddress[1],'@')[4]"/></xsl:element>
				<xsl:element name="PostalCode"><xsl:value-of select="tokenize(HotelAddress[1],'@')[5]"/></xsl:element>
				<xsl:element name="Country"><xsl:value-of select="tokenize(HotelAddress[1],'@')[3]"/></xsl:element>
				
				</xsl:element>--></xsl:element>
            </xsl:element>
         </xsl:element>
      </xsl:template>
      <xsl:template match="CarSegment" mode="SEGS">
         <xsl:variable name="rph">
            <xsl:value-of select="1 + count(preceding-sibling::*)"/>
         </xsl:variable>
         <xsl:variable name="doInfo">
            <xsl:choose>
               <xsl:when test="string-length(CarOptionalInfo[OptionalFieldID='DO']/OptionalFieldContents) &gt; 3">
                  <xsl:element name="VendorLocationRef">
                     <xsl:attribute name="VendorCode" select="VendorCode"/>
                     <xsl:attribute name="CityCode"
                                    select="substring(CarOptionalInfo[OptionalFieldID='DO']/OptionalFieldContents,1,3)"/>
                     <xsl:attribute name="LocationCategory"
                                    select="substring(CarOptionalInfo[OptionalFieldID='DO']/OptionalFieldContents,4,1)"/>
                     <xsl:attribute name="LocationNo"
                                    select="substring(CarOptionalInfo[OptionalFieldID='DO']/OptionalFieldContents,5)"/>
                  </xsl:element>
               </xsl:when>
               <xsl:otherwise>
                  <xsl:element name="AirportLocationRef">
                     <xsl:attribute name="VendorCode" select="VendorCode"/>
                     <xsl:attribute name="CityCode" select="CityCode"/>
                  </xsl:element>
               </xsl:otherwise>
            </xsl:choose>
         </xsl:variable>
         <xsl:variable name="Ratebeforedecpos">
            <xsl:value-of select="string-length(Rate) - NbrOfDecimals"/>
         </xsl:variable>
         <xsl:variable name="Rateafterdecpos">
            <xsl:value-of select="$Ratebeforedecpos+1"/>
         </xsl:variable>
         <xsl:variable name="lastName"
                       select="CarOptionalInfo[OptionalFieldID='NL']/OptionalFieldContents"/>
         <xsl:variable name="firstName"
                       select="CarOptionalInfo[OptionalFieldID='NF']/OptionalFieldContents"/>
         <xsl:variable name="currentdate" select="current-date()"/>
         <xsl:variable name="date"
                       select="concat(substring(PickUpDate,1,4),'-',substring(PickUpDate,5,2),'-',substring(PickUpDate,7,2))"/>
         <xsl:message>MARK** <xsl:copy-of select="$name"/>MARK***<xsl:value-of select="$lastName"/>MARK****<xsl:value-of select="$firstName"/>
         </xsl:message>
         <xsl:element name="Item">
            <xsl:element name="Car">
               <xsl:attribute name="CarQuantity" select="NumberOfCars"/>
               <xsl:attribute name="IsPastDate">
                  <xsl:choose>
                     <xsl:when test="$currentdate &gt; xs:date($date)">
                        <xsl:value-of select="'true'"/>
                     </xsl:when>
                     <xsl:otherwise>
                        <xsl:value-of select="'false'"/>
                     </xsl:otherwise>
                  </xsl:choose>
               </xsl:attribute>
               <xsl:for-each select="$name/Name[@Last=$lastName][contains(@First,$firstName)][1]">
                  <xsl:attribute name="PaxRef" select="@pax"/>
               </xsl:for-each>
               <xsl:attribute name="RPH" select="$rph"/>
               <xsl:if test="string-length($carRc) &gt; 0">
                  <xsl:attribute name="ReasonCode" select="$carRc"/>
               </xsl:if>
               <xsl:attribute name="SegToken"
                              select="concat(VendorCode,CarType,CityCode,PickUpDate,'T',ArrivalTime,$doInfo/*/@CityCode,ReturnDate,'T',DropOffTime)"/>
               <xsl:attribute name="SegType" select="'CAR'"/>
               <xsl:attribute name="Status">
                  <xsl:choose>
                     <xsl:when test="StatusCode='HK' or Status='KK'">
                        <xsl:value-of select="'Confirmed'"/>
                     </xsl:when>
                     <xsl:otherwise>
                        <xsl:value-of select="'Unknown'"/>
                     </xsl:otherwise>
                  </xsl:choose>
               </xsl:attribute>
               <xsl:element name="ConfID">
                  <xsl:attribute name="ID" select="ConfirmationNbr"/>
                  <xsl:attribute name="Type" select="StatusCode"/>
               </xsl:element>
               <xsl:element name="SuppplementalInfo">
                  <xsl:if test="CarOptionalInfo[OptionalFieldID='BS']">
                     <xsl:element name="BookingSource">
                        <xsl:attribute name="Id"
                                       select="CarOptionalInfo[OptionalFieldID='BS']/OptionalFieldContents"/>
                        <xsl:attribute name="VendorCode" select="VendorCode"/>
                     </xsl:element>
                  </xsl:if>
                  <xsl:if test="CarOptionalInfo[OptionalFieldID='CD']">
                     <xsl:element name="VendorContractRef">
                        <xsl:attribute name="Id"
                                       select="CarOptionalInfo[OptionalFieldID='CD']/OptionalFieldContents"/>
                        <xsl:attribute name="VendorCode" select="VendorCode"/>
                     </xsl:element>
                  </xsl:if>
                  <xsl:if test="CarOptionalInfo[OptionalFieldID='ID']">
                     <xsl:element name="CarRentalMembership">
                        <xsl:attribute name="Id"
                                       select="CarOptionalInfo[OptionalFieldID='ID']/OptionalFieldContents"/>
                        <xsl:attribute name="VendorCode" select="VendorCode"/>
                     </xsl:element>
                  </xsl:if>
               </xsl:element>
               <xsl:element name="Vendor">
                  <xsl:attribute name="Code" select="VendorCode"/>
                  <!-- DECODE HOTEL VENDOR NAME
            <xsl:attribute name="CompanyShortName" select="pxf"/>--></xsl:element>
               <xsl:element name="VehRentalCore">
                  <xsl:attribute name="PickUpDateTime" select="concat(PickUpDate,'T',ArrivalTime)"/>
                  <xsl:attribute name="DropOffDateTime" select="concat(ReturnDate,'T',DropOffTime)"/>
                  <xsl:element name="PickUpLocation">
                     <xsl:attribute name="Time" select="concat(PickUpDate,'T',ArrivalTime)"/>
                     <xsl:choose>
                        <xsl:when test="string-length(LocationCategory) &gt; 0">
                           <xsl:element name="VendorLocationRef">
                              <xsl:attribute name="VendorCode" select="VendorCode"/>
                              <xsl:attribute name="CityCode" select="CityCode"/>
                              <xsl:attribute name="LocationCategory" select="LocationCategory"/>
                              <xsl:attribute name="LocationNo" select="concat(LocationExpansion,LocationNbr)"/>
                           </xsl:element>
                        </xsl:when>
                        <xsl:otherwise>
                           <xsl:element name="AirportLocationRef">
                              <xsl:attribute name="VendorCode" select="VendorCode"/>
                              <xsl:attribute name="AirportCode" select="CityCode"/>
                           </xsl:element>
                        </xsl:otherwise>
                     </xsl:choose>
                     <xsl:element name="ArrivingFlight">
                        <xsl:attribute name="AirlineCode" select="ArrivalFlightAirline"/>
                        <xsl:attribute name="FlightNo" select="ArrivalFlightNumber"/>
                     </xsl:element>
                  </xsl:element>
                  <xsl:element name="ReturnLocation">
                     <xsl:attribute name="Time" select="concat(ReturnDate,'T',DropOffTime)"/>
                     <xsl:copy-of select="$doInfo"/>
                  </xsl:element>
               </xsl:element>
               <xsl:element name="Vehicle">
                  <xsl:attribute name="Code" select="CarType"/>
                  <!-- DECODE CarType
				<xsl:attribute name="Description" select="pxf:"/>--></xsl:element>
               <xsl:element name="RentalRate">
                  <xsl:element name="VehicleCharges">
                     <xsl:element name="VehicleCharge">
                        <xsl:attribute name="GuaranteedInd">
                           <xsl:choose>
                              <xsl:when test="RateGuaranteeIndicator = 'G'">
                                 <xsl:value-of select="true"/>
                              </xsl:when>
                              <xsl:otherwise>
                                 <xsl:value-of select="'false'"/>
                              </xsl:otherwise>
                           </xsl:choose>
                        </xsl:attribute>
                        <xsl:attribute name="Description">
                           <xsl:choose>
                              <xsl:when test="RateGuaranteeIndicator = 'G'">
                                 <xsl:value-of select="'Rate Guaranteed'"/>
                              </xsl:when>
                              <xsl:when test="RateGuaranteeIndicator = 'T'">
                                 <xsl:value-of select="'Agent Entered'"/>
                              </xsl:when>
                              <xsl:when test="RateGuaranteeIndicator = 'Q'">
                                 <xsl:value-of select="'Rate Quoted'"/>
                              </xsl:when>
                           </xsl:choose>
                        </xsl:attribute>
                        <xsl:element name="BaseRate">
                           <xsl:if test="CarOptionalInfo[OptionalFieldID='RQ']">
                              <xsl:element name="RateText">
                                 <xsl:value-of select="CarOptionalInfo[OptionalFieldID='RQ']/OptionalFieldContents"/>
                              </xsl:element>
                           </xsl:if>
                           <xsl:element name="CarRate">
                              <xsl:attribute name="Amount">
                                 <xsl:value-of select="number(substring(Rate,1,$Ratebeforedecpos))"/>
                                 <xsl:value-of select="'.'"/>
                                 <xsl:value-of select="substring(Rate,$Rateafterdecpos)"/>
                              </xsl:attribute>
                              <xsl:attribute name="CurrencyCode" select="Currency"/>
                              <xsl:attribute name="RateType" select="RateType"/>
                              <xsl:element name="Allowance">
                                 <xsl:value-of select="MileageAllowance"/>
                              </xsl:element>
                              <xsl:if test="string-length(ExtraHourRate)&gt;0">
                                 <xsl:variable name="Ratebeforedecpos">
                                    <xsl:value-of select="string-length(ExtraHourRate) - NbrOfDecimals"/>
                                 </xsl:variable>
                                 <xsl:variable name="Rateafterdecpos">
                                    <xsl:value-of select="$Ratebeforedecpos+1"/>
                                 </xsl:variable>
                                 <xsl:element name="ExtraHour">
                                    <xsl:attribute name="Amount">
                                       <xsl:value-of select="number(substring(ExtraHourRate,1,$Ratebeforedecpos))"/>
                                       <xsl:value-of select="'.'"/>
                                       <xsl:value-of select="substring(ExtraHourRate,$Rateafterdecpos)"/>
                                    </xsl:attribute>
                                    <xsl:if test="string-length(ExtraHourMileageAllowance) &gt; 0">
                                       <xsl:element name="Allowance">
                                          <xsl:value-of select="ExtraHourMileageAllowance"/>
                                       </xsl:element>
                                    </xsl:if>
                                 </xsl:element>
                              </xsl:if>
                           </xsl:element>
                        </xsl:element>
                        <xsl:for-each select="CarOptionalInfo[OptionalFieldID='AT'][1]">
                           <xsl:element name="TotalEstimatedRate">
                              <xsl:attribute name="Allowance"
                                             select="substring-before(substring-after(OptionalFieldContents,'-'),' ')"/>
                              <xsl:attribute name="Amount"
                                             select="substring-before(substring(OptionalFieldContents,4),'-')"/>
                              <xsl:attribute name="CurrencyCode" select="substring(OptionalFieldContents,1,3)"/>
                              <xsl:attribute name="MandatoryCharges"
                                             select="tokenize(substring-before(OptionalFieldContents,'MC'),' ')[last()]"/>
                              <xsl:if test="contains(OptionalFieldContents,'DY')">
                                 <xsl:attribute name="NumberOfDays"
                                                select="tokenize(substring-before(OptionalFieldContents,'DY'),' ')[last()]"/>
                              </xsl:if>
                              <xsl:if test="contains(OptionalFieldContents,'HR')">
                                 <xsl:attribute name="NumberOfHours"
                                                select="tokenize(substring-before(OptionalFieldContents,'HR'),' ')[last()]"/>
                              </xsl:if>
                           </xsl:element>
                        </xsl:for-each>
                        <!--</xsl:element>--><xsl:element name="RateRef">
                           <xsl:value-of select="RateCode"/>
                        </xsl:element>
                     </xsl:element>
                  </xsl:element>
               </xsl:element>
            </xsl:element>
         </xsl:element>
      </xsl:template>
      <xsl:template match="NonAirSegment" mode="SEGS">
         <xsl:variable name="currentdate" select="current-date()"/>
         <xsl:variable name="date"
                       select="concat(substring(Date,1,4),'-',substring(Date,5,2),'-',substring(Date,7,2))"/>
         <xsl:element name="OtherItinerarySeg">
            <xsl:attribute name="IsPastDate">
               <xsl:choose>
                  <xsl:when test="$currentdate &gt; xs:date($date)">
                     <xsl:value-of select="'true'"/>
                  </xsl:when>
                  <xsl:otherwise>
                     <xsl:value-of select="'false'"/>
                  </xsl:otherwise>
               </xsl:choose>
            </xsl:attribute>
            <xsl:attribute name="Quantity" select="NumberInParty"/>
            <xsl:attribute name="SegToken"
                           select="concat(SegmentType,StatusCode,Date,ProductCode)"/>
            <xsl:attribute name="SegType" select="SegmentType"/>
            <xsl:element name="SegStatus">
               <xsl:attribute name="StatusCode" select="StatusCode"/>
            </xsl:element>
            <xsl:element name="Vendor">
               <xsl:attribute name="VendorCode" select="ProductCode"/>
            </xsl:element>
            <xsl:element name="ServiceDetails">
               <xsl:attribute name="StartCityCode" select="CityCode"/>
               <!--DECODE
    <xsl:attribute name=StartCityName="tokenize(pxf:decodeAirports(CityCode),',')[1]"/>--><xsl:attribute name="StartDate" select="Date"/>
            </xsl:element>
            <xsl:element name="LText">
               <xsl:element name="TL">
                  <xsl:value-of select="FreeText"/>
               </xsl:element>
            </xsl:element>
         </xsl:element>
      </xsl:template>
      <xsl:template match="TicketTransaction">
         <xsl:param name="tktdate"/>
         <xsl:param name="tktno"/>
         <xsl:param name="pcc"/>
         <xsl:element name="PaxRefList">
            <xsl:element name="PaxRef">
               <xsl:value-of select="concat(LastNameElementNbr,'.',PassengerElementNbr)"/>
            </xsl:element>
         </xsl:element>
         <xsl:element name="TicketNumber">
            <xsl:attribute name="Type">
               <xsl:choose>
                  <xsl:when test="TicketType='E'">
                     <xsl:value-of select="'ELECTRONIC'"/>
                  </xsl:when>
                  <xsl:when test="TicketType='P'">
                     <xsl:value-of select="'PAPER'"/>
                  </xsl:when>
               </xsl:choose>
            </xsl:attribute>
            <xsl:value-of select="$tktno"/>
         </xsl:element>
         <xsl:element name="ValidatingIATA">
            <xsl:value-of select="PlatingCarrierNumeric"/>
         </xsl:element>
         <xsl:element name="TicketDate">
            <xsl:variable name="m">
               <xsl:call-template name="Month">
                  <xsl:with-param name="mnth" select="substring($tktdate,3,3)"/>
               </xsl:call-template>
            </xsl:variable>
            <xsl:value-of select="concat(substring($tktdate,6),$m,substring($tktdate,1,2))"/>
         </xsl:element>
         <xsl:if test="string-length(InvoiceID)&gt;0">
            <xsl:element name="InvoiceNumber">
               <xsl:value-of select="InvoiceID"/>
            </xsl:element>
         </xsl:if>
      </xsl:template>
      <xsl:template match="FareAmount">
         <xsl:variable name="ttltax">
            <xsl:value-of select="sum(following-sibling::TaxRecord/TaxAmount)"/>
         </xsl:variable>
         <xsl:element name="Fare">
            <xsl:attribute name="CurrencyCode">
               <xsl:value-of select="BaseFareCurrencyCode"/>
            </xsl:attribute>
            <xsl:attribute name="Amount">
               <xsl:call-template name="Amount">
                  <xsl:with-param name="numdec" select="BaseFareNbrOfDecimals"/>
                  <xsl:with-param name="amount" select="BaseFareQuote"/>
               </xsl:call-template>
            </xsl:attribute>
         </xsl:element>
         <xsl:element name="TotalFare">
            <xsl:attribute name="CurrencyCode">
               <xsl:value-of select="CurrencyCode"/>
            </xsl:attribute>
            <xsl:attribute name="Amount">
               <xsl:call-template name="Amount">
                  <xsl:with-param name="numdec" select="NbrOfDecimals"/>
                  <xsl:with-param name="amount" select="TotalFareQuote"/>
               </xsl:call-template>
            </xsl:attribute>
         </xsl:element>
         <xsl:element name="Tax">
            <xsl:attribute name="CurrencyCode">
               <xsl:value-of select="CurrencyCode"/>
            </xsl:attribute>
            <xsl:attribute name="Amount">
               <xsl:call-template name="Amount">
                  <xsl:with-param name="numdec" select="NbrOfDecimals"/>
                  <xsl:with-param name="amount" select="$ttltax"/>
               </xsl:call-template>
            </xsl:attribute>
         </xsl:element>
         <xsl:element name="TaxDetail">
            <xsl:variable name="cur" select="CurrencyCode"/>
            <xsl:variable name="numdec" select="NbrOfDecimals"/>
            <xsl:for-each select="following-sibling::TaxRecord">
               <xsl:element name="Tax">
                  <xsl:attribute name="CurrencyCode">
                     <xsl:value-of select="$cur"/>
                  </xsl:attribute>
                  <xsl:attribute name="Amount">
                     <xsl:call-template name="Amount">
                        <xsl:with-param name="numdec" select="$numdec"/>
                        <xsl:with-param name="amount" select="TaxAmount"/>
                     </xsl:call-template>
                  </xsl:attribute>
                  <xsl:attribute name="TaxCode">
                     <xsl:value-of select="TaxCode"/>
                  </xsl:attribute>
               </xsl:element>
            </xsl:for-each>
         </xsl:element>
         <xsl:element name="ValidatingCarrier">
            <xsl:value-of select="preceding-sibling::TicketTransaction/PlatingCarrierAlpha"/>
         </xsl:element>
         <xsl:element name="TicketPCC">
            <xsl:value-of select="preceding-sibling::TicketEvent/PseudoCity"/>
         </xsl:element>
         <xsl:element name="TicketingAgent">
            <xsl:value-of select="preceding-sibling::TicketEvent/TransactionAgent"/>
         </xsl:element>
      </xsl:template>
      <xsl:template name="Month">
         <xsl:param name="mnth"/>
         <xsl:choose>
            <xsl:when test="$mnth='JAN'">
               <xsl:value-of select="01"/>
            </xsl:when>
            <xsl:when test="$mnth='FEB'">
               <xsl:value-of select="02"/>
            </xsl:when>
            <xsl:when test="$mnth='MAR'">
               <xsl:value-of select="03"/>
            </xsl:when>
            <xsl:when test="$mnth='APR'">
               <xsl:value-of select="04"/>
            </xsl:when>
            <xsl:when test="$mnth='MAY'">
               <xsl:value-of select="05"/>
            </xsl:when>
            <xsl:when test="$mnth='JUN'">
               <xsl:value-of select="06"/>
            </xsl:when>
            <xsl:when test="$mnth='JUL'">
               <xsl:value-of select="07"/>
            </xsl:when>
            <xsl:when test="$mnth='AUG'">
               <xsl:value-of select="08"/>
            </xsl:when>
            <xsl:when test="$mnth='SEP'">
               <xsl:value-of select="09"/>
            </xsl:when>
            <xsl:when test="$mnth='OCT'">
               <xsl:value-of select="10"/>
            </xsl:when>
            <xsl:when test="$mnth='NOV'">
               <xsl:value-of select="11"/>
            </xsl:when>
            <xsl:when test="$mnth='DEC'">
               <xsl:value-of select="12"/>
            </xsl:when>
         </xsl:choose>
      </xsl:template>
      <xsl:template match="VendorRemarks" mode="CONFO">
         <xsl:attribute name="ConformationNumber">
            <xsl:value-of select="preceding-sibling::VendorRecordLocator/RecordLocator"/>
         </xsl:attribute>
      </xsl:template>
      <xsl:template match="GeneralRemark" mode="FOP">
         <xsl:element name="FormOfPayment">
            <xsl:attribute name="Remark"
                           select="substring-after(substring-after(GeneralRemarkText,'-'),'-')"/>
            <xsl:element name="PaymentCard">
               <xsl:attribute name="CardCode"
                              select="substring(substring-after(GeneralRemarkText,'/F'),1,2)"/>
               <xsl:attribute name="CardNumber"
                              select="substring-before(substring(substring-after(GeneralRemarkText,'/F'),3),'*')"/>
            </xsl:element>
         </xsl:element>
      </xsl:template>
      <xsl:template match="GeneralRemark" mode="FOP1">
         <xsl:variable name="m"
                       select="substring(substring-after(GeneralRemarkText,'/D'),1,2)"/>
         <xsl:variable name="yr"
                       select="number(substring(substring-after(GeneralRemarkText,'/D'),3,2)) + 2000"/>
         <xsl:element name="FormOfPayment">
            <xsl:attribute name="Remark"
                           select="substring-after(substring-after(GeneralRemarkText,'-'),'-')"/>
            <xsl:element name="PaymentCard">
               <xsl:attribute name="CardCode"
                              select="substring(substring-after(GeneralRemarkText,'FOP-F-'),1,2)"/>
               <xsl:attribute name="CardNumber"
                              select="substring-before(substring(substring-after(GeneralRemarkText,'FOP-F-'),3),'/')"/>
               <xsl:attribute name="ExpireDate" select="concat($yr,$m,'01')"/>
            </xsl:element>
         </xsl:element>
      </xsl:template>
      <xsl:template match="FareQuote" mode="SF">
         <xsl:param name="jlines"/>
         <xsl:param name="tkts"/>
         <xsl:param name="milist"/>
         <xsl:variable name="rph">
            <xsl:value-of select="1 + count(preceding-sibling::*)"/>
         </xsl:variable>
         <xsl:variable name="pax1" select="TicketStatus/PassengerNameNbr"/>
         <xsl:variable name="pax2" select="TicketStatus/PassengerNbr"/>
         <xsl:variable name="paxref" select="concat($pax1,'.',$pax2)"/>
         <xsl:variable name="numdec" select="FareQuoteRecord/DecimalPlaces"/>
         <xsl:variable name="ffare" select="PassengerFareQuoteRecord/TotalFare"/>
         <xsl:variable name="fare">
            <xsl:call-template name="Amount">
               <xsl:with-param name="numdec" select="$numdec"/>
               <xsl:with-param name="amount" select="$ffare"/>
            </xsl:call-template>
         </xsl:variable>
         <xsl:variable name="etkt">
            <xsl:copy-of select="//GIDS/TicketingData[FareAmount/TotalFareQuote = $ffare][//GIDS/TicketingData/TicketTransaction/LastNameElementNbr=$pax1][//GIDS/TicketingData/TicketTransaction/PassengerElementNbr=$pax2]/*"/>
         </xsl:variable>
         <xsl:variable name="segtok">
            <xsl:for-each select="LinearFare/SegmentInformation">
               <xsl:element name="SegToken">
                  <xsl:variable name="date">
                     <xsl:apply-templates select="." mode="DATE"/>
                  </xsl:variable>
                  <xsl:apply-templates select="." mode="SEGTOK">
                     <xsl:with-param name="date" select="$date"/>
                  </xsl:apply-templates>
               </xsl:element>
            </xsl:for-each>
         </xsl:variable>
         <xsl:variable name="matchSegs">
            <xsl:for-each select="$flightsegs/Air[@segtok = $segtok/SegToken]">
               <xsl:element name="Segment">
                  <xsl:value-of select="@segno"/>
               </xsl:element>
            </xsl:for-each>
         </xsl:variable>
         <xsl:variable name="tktno">
            <xsl:for-each select="$tkts/Ticket[@paxref=$paxref][@segno=$matchSegs/Segment]">
               <xsl:value-of select="@nmbr"/>
               <xsl:value-of select="','"/>
            </xsl:for-each>
            <!--<xsl:value-of select="	$tkts/Ticket[@paxref=$paxref][@segno=$matchSegs/Segment][1]/@nmbr"/>--></xsl:variable>
         <!--<xsl:element name="MARK">
		<xsl:copy-of select="$tkts"/>
		<xsl:copy-of select="$flightsegs"/>
<xsl:copy-of select="$segtok"/>
		<xsl:value-of select="$tktno"/>
		<xsl:value-of select="$paxref"/>
		
		</xsl:element>--><xsl:element name="StoredFare">
            <xsl:attribute name="Manual">
               <xsl:choose>
                  <xsl:when test="FareQuoteRecord/AutomaticManualIndicator='A'">
                     <xsl:value-of select="'false'"/>
                  </xsl:when>
                  <xsl:otherwise>
                     <xsl:value-of select="'true'"/>
                  </xsl:otherwise>
               </xsl:choose>
            </xsl:attribute>
            <xsl:attribute name="Ticketed">
               <xsl:choose>
                  <xsl:when test="TicketStatus/Status='Y'">
                     <xsl:value-of select="'true'"/>
                  </xsl:when>
                  <xsl:otherwise>
                     <xsl:value-of select="'false'"/>
                  </xsl:otherwise>
               </xsl:choose>
            </xsl:attribute>
            <xsl:element name="PassengerList">
               <xsl:for-each select="TicketStatus">
                  <xsl:variable name="paxref" select="concat(PassengerNameNbr,'.',PassengerNbr)"/>
                  <xsl:variable name="smtktnum"
                                select="$jlines/Line[substring-before(substring-after(.,'G-'),'*')=$fare]/@tkt"/>
                  <xsl:variable name="lgtktnum"
                                select="$tkts/Ticket[@shortnmbr =$smtktnum][@paxref=$paxref][1]/@nmbr"/>
                  <xsl:variable name="matchstring" select="concat('FQ-',$smtktnum,'-FQ')"/>
                  <xsl:variable name="ttlFare"
                                select="preceding-sibling::PassengerFareQuoteRecord[1]/TotalFare"/>
                  <xsl:element name="Passenger">
                     <xsl:element name="PaxRef">
                        <xsl:value-of select="$paxref"/>
                     </xsl:element>
                     <xsl:choose>
                        <xsl:when test="Status='Y'">
                           <xsl:element name="Ticket">
                              <xsl:attribute name="Type" select="'ELECTRONIC'"/>
                              <xsl:choose>
                                 <xsl:when test="$etkt/TicketEvent/TicketNumber">
                                    <xsl:value-of select="concat($etkt/TicketTransaction/PlatingCarrierNumeric,$etkt/TicketEvent/TicketNumber)"/>
                                 </xsl:when>
                                 <xsl:when test="$tkts/Ticket[@paxref=$paxref][@segno=$matchSegs/Segment][1]">
                                    <xsl:value-of select="$tkts/Ticket[@paxref=$paxref][@segno=$matchSegs/Segment][1]/@nmbr"/>
                                 </xsl:when>
                                 <xsl:when test="string-length(lgtktnum) &gt; 0">
                                    <xsl:value-of select="$lgtktnum"/>
                                 </xsl:when>
                              </xsl:choose>
                           </xsl:element>
                        </xsl:when>
                     </xsl:choose>
                     <xsl:if test="string-length($etkt/TicketTransaction/InvoiceID) &gt; 0">
                        <xsl:element name="InvoiceNumber">
                           <xsl:value-of select="$etkt/TicketTransaction/InvoiceID"/>
                        </xsl:element>
                     </xsl:if>
                     <xsl:if test="string-length($etkt/TicketEvent/DateOfIssue) &gt; 0">
                        <xsl:element name="IssueDate">
                           <xsl:value-of select="$etkt/TicketEvent/DateOfIssue"/>
                        </xsl:element>
                     </xsl:if>
                     <!--<xsl:if test="contains(ancestor::GIDS/BookingFareData/BookingData/RemarkInformation/GeneralRemark/GeneralRemarkText,$matchstring)">
							<xsl:element name="StoredFareInstruction">
								<xsl:value-of select="ancestor::BookingFareData/BookingData/RemarkInformation/GeneralRemark[contains(GeneralRemarkText,$matchstring)]/GeneralRemarkText"/>
							</xsl:element>
						</xsl:if>--></xsl:element>
               </xsl:for-each>
            </xsl:element>
            <!--<xsl:element name="ETK">
				<xsl:copy-of select="$etkt"/>
			</xsl:element>--><xsl:variable name="milist">
               <xsl:choose>
                  <xsl:when test="TicketStatus/Status='N'">
                     <xsl:apply-templates select="$jlines/Line[@atfqnum=$rph]"/>
                  </xsl:when>
                  <xsl:when test="TicketStatus/Status='Y' and string-length($etkt/TicketEvent/TicketNumber) &gt; 0">
                     <xsl:apply-templates select="$jlines/Line[@tkt=substring($etkt/TicketEvent/TicketNumber,8,3)]"/>
                  </xsl:when>
                  <xsl:when test="TicketStatus/Status='Y' and string-length($tktno) &gt; 0">
                     <xsl:apply-templates select="$jlines/Line[@tkt=substring($tktno,11,3)]"/>
                  </xsl:when>
               </xsl:choose>
            </xsl:variable>
            <xsl:choose>
               <xsl:when test="$milist/item">
                  <xsl:element name="MIData">
                     <xsl:apply-templates select="$milist/item">
                        <xsl:sort select="@sort" data-type="number" order="ascending"/>
                     </xsl:apply-templates>
                  </xsl:element>
               </xsl:when>
               <xsl:when test="$miData/LowFare">
                  <xsl:element name="MIData">
                     <xsl:copy-of select="$miData"/>
                  </xsl:element>
               </xsl:when>
            </xsl:choose>
            <xsl:if test="$etkt/TicketFOP/Type='E' or $etkt/TicketFOP/Type='C' ">
               <xsl:element name="FormOfPayment">
                  <xsl:choose>
                     <xsl:when test="$etkt/TicketFOP/Type='E'">
                        <xsl:element name="ExchangeTicket">
                           <xsl:element name="OriginalTicketNumber">
                              <xsl:value-of select="concat($etkt/TicketFOP/Exchange/OriginalCarrierPlatingNbr,$etkt/TicketFOP/Exchange/OriginalTicketNbr)"/>
                           </xsl:element>
                           <xsl:if test="string-length($etkt/TicketFOP/Exchange/AddCollectAmount) &gt; 0">
                              <xsl:element name="AddCollect">
                                 <xsl:attribute name="Amount">
                                    <xsl:call-template name="Amount">
                                       <xsl:with-param name="numdec" select="$etkt/TicketFOP/Exchange/DecimalPlaces"/>
                                       <xsl:with-param name="amount" select="$etkt/TicketFOP/Exchange/AddCollectAmount"/>
                                    </xsl:call-template>
                                 </xsl:attribute>
                              </xsl:element>
                           </xsl:if>
                        </xsl:element>
                     </xsl:when>
                     <xsl:when test="$etkt/TicketFOP/Type='C' ">
                        <xsl:element name="CreditCard">
                           <xsl:attribute name="Vendor" select="$etkt/TicketFOP/CreditCard/VendorCode"/>
                           <xsl:attribute name="AccountNum" select="$etkt/TicketFOP/CreditCard/CreditCardNbr"/>
                           <xsl:attribute name="ExpDate"
                                          select="concat($etkt/TicketFOP/CreditCard/ExpirationMonth,$etkt/TicketFOP/CreditCard/ExpirationYear)"/>
                        </xsl:element>
                     </xsl:when>
                  </xsl:choose>
               </xsl:element>
            </xsl:if>
            <xsl:element name="StoredFareData">
               <xsl:if test="$etkt/TicketTransaction/PlatingCarrierAlpha">
                  <xsl:element name="ValidatingCarrier">
                     <xsl:value-of select="$etkt/TicketTransaction/PlatingCarrierAlpha"/>
                  </xsl:element>
               </xsl:if>
               <xsl:choose>
                  <xsl:when test="string-length(LinearFare[1]/PrivateFaresAccountCode) &gt; 0">
                     <xsl:element name="NegotiatedFare">
                        <xsl:attribute name="Code" select="LinearFare[1]/PrivateFaresAccountCode"/>
                        <xsl:apply-templates select="." mode="SEGS"/>
                     </xsl:element>
                  </xsl:when>
                  <xsl:otherwise>
                     <xsl:element name="PublishedFare">
                        <xsl:apply-templates select="." mode="SEGS">
                           <xsl:with-param name="etkt">
                              <xsl:copy-of select="$etkt"/>
                           </xsl:with-param>
                        </xsl:apply-templates>
                     </xsl:element>
                  </xsl:otherwise>
               </xsl:choose>
               <xsl:if test="$etkt/TicketTransaction/TicketType">
                  <xsl:element name="TicketType">
                     <xsl:choose>
                        <xsl:when test="$etkt/TicketTransaction/TicketType = 'E'">
                           <xsl:value-of select="'ELECTRONIC'"/>
                        </xsl:when>
                     </xsl:choose>
                  </xsl:element>
               </xsl:if>
            </xsl:element>
            <xsl:element name="FareSummary">
               <xsl:if test="$etkt/TicketEvent/DateOfIssue">
                  <xsl:attribute name="IssueDate">
                     <xsl:value-of select="$etkt/TicketEvent/DateOfIssue"/>
                  </xsl:attribute>
               </xsl:if>
               <xsl:attribute name="CurrencyCode" select="FareQuoteRecord/CurrencyCode"/>
               <xsl:element name="TotalFare">
                  <xsl:attribute name="Amount" select="$fare"/>
                  <xsl:attribute name="CurrencyCode" select="FareQuoteRecord/CurrencyCode"/>
               </xsl:element>
               <xsl:if test="$etkt/FareAmount/BaseFareQuote">
                  <xsl:element name="BaseFare">
                     <xsl:attribute name="Amount">
                        <xsl:call-template name="Amount">
                           <xsl:with-param name="numdec" select="$numdec"/>
                           <xsl:with-param name="amount" select="$etkt/FareAmount/BaseFareQuote"/>
                        </xsl:call-template>
                     </xsl:attribute>
                     <xsl:attribute name="CurrencyCode">
                        <xsl:choose>
                           <xsl:when test="$etkt/FareAmount/BaseFareCurrencyCode">
                              <xsl:value-of select="$etkt/FareAmount/BaseFareCurrencyCode"/>
                           </xsl:when>
                           <xsl:otherwise>
                              <xsl:value-of select="$etkt/FareAmount/CurrencyCode"/>
                           </xsl:otherwise>
                        </xsl:choose>
                     </xsl:attribute>
                  </xsl:element>
               </xsl:if>
               <xsl:variable name="ttltax" select="xs:string(sum(TaxRecord/TaxAmount))"/>
               <xsl:element name="TotalTax">
                  <xsl:attribute name="Amount">
                     <xsl:call-template name="Amount">
                        <xsl:with-param name="numdec" select="$numdec"/>
                        <xsl:with-param name="amount" select="$ttltax"/>
                     </xsl:call-template>
                  </xsl:attribute>
                  <xsl:attribute name="CurrencyCode" select="FareQuoteRecord/CurrencyCode"/>
               </xsl:element>
               <xsl:element name="TaxDetail">
                  <xsl:for-each select="TaxRecord">
                     <xsl:element name="Tax">
                        <xsl:attribute name="Amount">
                           <xsl:call-template name="Amount">
                              <xsl:with-param name="numdec" select="$numdec"/>
                              <xsl:with-param name="amount" select="TaxAmount"/>
                           </xsl:call-template>
                        </xsl:attribute>
                        <xsl:attribute name="TaxCode" select="TaxCode"/>
                     </xsl:element>
                  </xsl:for-each>
               </xsl:element>
               <xsl:element name="RulesSummary">
                  <xsl:variable name="TktTest">
                     <xsl:for-each select="$etkt/FareAmount/Endorsement">
                        <xsl:choose>
                           <xsl:when test="contains(.,'NON') and contains(.,'REF')">N</xsl:when>
                           <xsl:when test="contains(.,'NO RFND')">N</xsl:when>
                           <xsl:when test="contains(.,'NO REFUND')">N</xsl:when>
                           <xsl:when test="contains(.,'NO REF')">N</xsl:when>
                        </xsl:choose>
                     </xsl:for-each>
                  </xsl:variable>
                  <xsl:variable name="ficnorefund">
                     <xsl:for-each select="LinearFare/SegmentInformation">
                        <xsl:if test="contains(substring(FareBasisCode,3),'N') or contains(substring(FareBasisCode,3),'IP') or contains(substring(FareBasisCode,3),'E')">
                           <xsl:value-of select="'true'"/>
                        </xsl:if>
                     </xsl:for-each>
                  </xsl:variable>
                  <xsl:element name="Refundable">
                     <xsl:choose>
                        <xsl:when test="string-length($TktTest)  &gt; 0 or string-length($ficnorefund) &gt; 0">false</xsl:when>
                        <xsl:otherwise>true</xsl:otherwise>
                     </xsl:choose>
                  </xsl:element>
                  <xsl:if test="$etkt/FareAmount/Endorsement"/>
                  <xsl:element name="LText">
                     <xsl:for-each select="$etkt/FareAmount/Endorsement">
                        <xsl:element name="TL">
                           <xsl:value-of select="."/>
                        </xsl:element>
                     </xsl:for-each>
                  </xsl:element>
               </xsl:element>
            </xsl:element>
            <xsl:element name="FareConstruction">
               <xsl:if test="$etkt/AutomaticFare or $etkt/ManualFare">
                  <xsl:element name="FareConstructText">
                     <xsl:choose>
                        <xsl:when test="$etkt/AutomaticFare">
                           <xsl:value-of select="$etkt/AutomaticFare/AutomaticFareConstruction"/>
                        </xsl:when>
                        <xsl:when test="$etkt/AutomaticFare">
                           <xsl:value-of select="$etkt/ManualFare/ManualFareConstruction"/>
                        </xsl:when>
                     </xsl:choose>
                  </xsl:element>
               </xsl:if>
               <xsl:element name="FareConstructDetail">
                  <xsl:for-each select="LinearFare">
                     <xsl:variable name="seginfo">
                        <xsl:for-each select="SegmentInformation">
                           <xsl:element name="Segment">
                              <xsl:attribute name="Board" select="CityBoardCode"/>
                              <xsl:attribute name="Off" select="CityOffCode"/>
                           </xsl:element>
                        </xsl:for-each>
                     </xsl:variable>
                     <!-- Gets the following-sibling Surcharge(s) where the board and off are the same as the LinearFare/SegmentInfo for the purpose of adding this amount to the base fare in the FareComponent --><xsl:variable name="surchargeInfo">
                        <xsl:for-each select="following-sibling::Surcharge[CityBoardCode=$seginfo/Segment/@Board][CityOffCode=$seginfo/Segment/@Off]">
                           <xsl:element name="Segment">
                              <xsl:attribute name="Board" select="CityBoardCode"/>
                              <xsl:attribute name="Off" select="CityOffCode"/>
                              <xsl:attribute name="sur">
                                 <xsl:call-template name="Amount">
                                    <xsl:with-param name="numdec" select="DecimalPlaces"/>
                                    <xsl:with-param name="amount" select="SurchargeAmount"/>
                                 </xsl:call-template>
                              </xsl:attribute>
                           </xsl:element>
                        </xsl:for-each>
                     </xsl:variable>
                     <!--Need the same variable set up for PlusUp Amounts but need samples from Travelport GIDS--><xsl:variable name="sur" select="sum($surchargeInfo/Segment/@sur)"/>
                     <xsl:element name="FareComponent">
                        <xsl:if test="string-length(SegmentInformation[1]/FareBasisCode) &gt; 0">
                           <xsl:attribute name="FareBasisCode" select="SegmentInformation[1]/FareBasisCode"/>
                        </xsl:if>
                        <xsl:variable name="bf">
                           <xsl:call-template name="Amount">
                              <xsl:with-param name="numdec" select="$numdec"/>
                              <xsl:with-param name="amount" select="Amount"/>
                           </xsl:call-template>
                        </xsl:variable>
                        <xsl:attribute name="BaseFare">
                           <xsl:value-of select="$bf + sum($surchargeInfo/Segment/@sur)"/>
                        </xsl:attribute>
                        <xsl:attribute name="Negotiated">
                           <xsl:choose>
                              <xsl:when test="string-length(PrivateFaresAccountCode) &gt; 0">
                                 <xsl:value-of select="'true'"/>
                              </xsl:when>
                              <xsl:otherwise>
                                 <xsl:value-of select="'false'"/>
                              </xsl:otherwise>
                           </xsl:choose>
                        </xsl:attribute>
                        <xsl:apply-templates select="SegmentInformation"/>
                     </xsl:element>
                  </xsl:for-each>
               </xsl:element>
            </xsl:element>
         </xsl:element>
      </xsl:template>
      <xsl:template match="SegmentInformation">
         <xsl:variable name="date">
            <xsl:apply-templates select="." mode="DATE"/>
         </xsl:variable>
         <xsl:variable name="segtok">
            <xsl:apply-templates select="." mode="SEGTOK">
               <xsl:with-param name="date" select="$date"/>
            </xsl:apply-templates>
         </xsl:variable>
         <xsl:element name="FareSeg">
            <xsl:attribute name="AirlineCode" select="AirlineCode"/>
            <xsl:attribute name="StartAirportCode" select="CityBoardCode"/>
            <xsl:attribute name="EndAirportCode" select="CityOffCode"/>
            <xsl:attribute name="SegToken" select="$segtok"/>
            <xsl:attribute name="FltNo" select="FlightNbr"/>
            <xsl:attribute name="SegmentNumber">
               <xsl:for-each select="$flightsegs/Air[@segtok = $segtok]">
                  <xsl:value-of select="@segno"/>
               </xsl:for-each>
            </xsl:attribute>
            <xsl:attribute name="StartTime">
               <xsl:value-of select="$date"/>
            </xsl:attribute>
            <xsl:for-each select="$flightsegs/Air[@segtok = $segtok]">
               <xsl:attribute name="EndTime">
                  <xsl:value-of select="@arrivaldate"/>
               </xsl:attribute>
            </xsl:for-each>
         </xsl:element>
      </xsl:template>
      <!-- COMMON Template called from all areas to correctly place the decimal in an amount field --><xsl:template name="Amount">
         <xsl:param name="numdec"/>
         <xsl:param name="amount"/>
         <xsl:variable name="format">
            <xsl:choose>
               <xsl:when test="$numdec='1'">
                  <xsl:value-of select="'#.0'"/>
               </xsl:when>
               <xsl:when test="$numdec='0'">
                  <xsl:value-of select="'#'"/>
               </xsl:when>
               <xsl:when test="$numdec='2'">
                  <xsl:value-of select="'#.00'"/>
               </xsl:when>
               <xsl:when test="$numdec='3'">
                  <xsl:value-of select="'#.000'"/>
               </xsl:when>
            </xsl:choose>
         </xsl:variable>
         <xsl:variable name="beforedec" select="string-length($amount)-$numdec"/>
         <xsl:variable name="afterdec" select="$beforedec+1"/>
         <xsl:variable name="amt">
            <xsl:value-of select="concat(substring($amount,1,$beforedec),'.',substring($amount,$afterdec))"/>
         </xsl:variable>
         <xsl:value-of select="format-number($amt,$format)"/>
      </xsl:template>
      <xsl:template match="FareQuote" mode="SEGS">
         <xsl:param name="etkt"/>
         <xsl:element name="FareSegOverride">
            <xsl:element name="SegList">
               <xsl:for-each select="LinearFare/SegmentInformation">
                  <xsl:variable name="date">
                     <xsl:apply-templates select="." mode="DATE"/>
                  </xsl:variable>
                  <xsl:variable name="segtok">
                     <xsl:apply-templates select="." mode="SEGTOK">
                        <xsl:with-param name="date" select="$date"/>
                     </xsl:apply-templates>
                  </xsl:variable>
                  <!--<xsl:element name="DATE"><xsl:value-of select="$date"/></xsl:element>
					<xsl:element name="SETOK"><xsl:value-of select="$segtok"/></xsl:element>--><xsl:for-each select="$flightsegs/Air[@segtok = $segtok]">
                     <xsl:element name="SegRef">
                        <xsl:attribute name="SegNo" select="@segno"/>
                     </xsl:element>
                  </xsl:for-each>
               </xsl:for-each>
            </xsl:element>
         </xsl:element>
      </xsl:template>
      <xsl:template match="SegmentInformation" mode="DATE">
         <xsl:variable name="m">
            <xsl:call-template name="Month">
               <xsl:with-param name="mnth" select="substring(FlightTravelDate,3,3)"/>
            </xsl:call-template>
         </xsl:variable>
         <xsl:variable name="mnth">
            <xsl:choose>
               <xsl:when test="string-length($m) =1">
                  <xsl:value-of select="concat('0',$m)"/>
               </xsl:when>
               <xsl:otherwise>
                  <xsl:value-of select="$m"/>
               </xsl:otherwise>
            </xsl:choose>
         </xsl:variable>
         <xsl:variable name="startTime">
            <xsl:choose>
               <xsl:when test="substring(FlightTravelTime,5,1) = 'P'">
                  <xsl:value-of select="number(substring(FlightTravelTime,1,4)) + 1200"/>
               </xsl:when>
               <xsl:otherwise>
                  <xsl:value-of select="substring(FlightTravelTime,1,4)"/>
               </xsl:otherwise>
            </xsl:choose>
         </xsl:variable>
         <xsl:value-of select="concat(substring(FlightTravelDate,6),$mnth,substring(FlightTravelDate,1,2),'T',$startTime)"/>
      </xsl:template>
      <xsl:template match="SegmentInformation" mode="SEGTOK">
         <xsl:param name="date"/>
         <xsl:value-of select="concat(AirlineCode,FlightNbr,ClassOfService,CityBoardCode,CityOffCode,$date)"/>
      </xsl:template>
      <xsl:template match="Line">
         <xsl:param name="atfqnum"/>
         <xsl:variable name="atfqnum">
            <xsl:choose>
               <xsl:when test="string-length($atfqnum) &gt; 0">
                  <xsl:value-of select="$atfqnum"/>
               </xsl:when>
               <xsl:otherwise>
                  <xsl:value-of select="@atfqnum"/>
               </xsl:otherwise>
            </xsl:choose>
         </xsl:variable>
         <xsl:variable name="tkt" select="@tkt"/>
         <xsl:for-each select="substring-after(.,'*')">
            <xsl:call-template name="SimpleStringLoop">
               <xsl:with-param name="input" select="."/>
               <xsl:with-param name="atfqnum" select="$atfqnum"/>
               <xsl:with-param name="tkt" select="$tkt"/>
            </xsl:call-template>
         </xsl:for-each>
      </xsl:template>
      <xsl:template name="SimpleStringLoop">
         <xsl:param name="input"/>
         <xsl:param name="tkt"/>
         <xsl:param name="atfqnum"/>
         <xsl:if test="string-length($input) &gt; 0">
            <xsl:variable name="v">
               <xsl:choose>
                  <xsl:when test="contains($input,'*')">
                     <xsl:value-of select="substring-before($input, '*')"/>
                  </xsl:when>
                  <xsl:when test="contains($input,'/')">
                     <xsl:value-of select="substring-before($input, '/')"/>
                  </xsl:when>
                  <xsl:otherwise>
                     <xsl:value-of select="$input"/>
                  </xsl:otherwise>
               </xsl:choose>
            </xsl:variable>
            <xsl:element name="item" namespace="">
               <xsl:variable name="alphack">
                  <xsl:value-of select="replace(substring-after($v,'-'), '[^A-Z]', '')"/>
               </xsl:variable>
               <xsl:attribute name="type">
                  <xsl:value-of select="substring-before($v,'-')"/>
               </xsl:attribute>
               <xsl:attribute name="decimal">
                  <xsl:choose>
                     <xsl:when test="substring-before(substring-after($v,'-'),'-') castable as xs:decimal">
                        <xsl:value-of select="substring-before(substring-after($v,'-'),'-')"/>
                     </xsl:when>
                     <xsl:when test="substring-after($v,'-') castable as xs:decimal">
                        <xsl:value-of select="substring-after($v,'-')"/>
                     </xsl:when>
                     <xsl:when test="substring-before(substring-after($v,'-'),'@') castable as xs:decimal">
                        <xsl:value-of select="substring-before(substring-after($v,'-'),'@') "/>
                     </xsl:when>
                  </xsl:choose>
               </xsl:attribute>
               <xsl:attribute name="Code">
                  <xsl:choose>
                     <xsl:when test="substring-after($v,'@') castable as xs:string">
                        <xsl:value-of select="substring-after($v,'@')"/>
                     </xsl:when>
                     <xsl:when test="substring-after(substring-after($v,'-'),'-') castable as xs:string">
                        <xsl:value-of select="substring-after(substring-after($v,'-'),'-') "/>
                     </xsl:when>
                  </xsl:choose>
               </xsl:attribute>
               <xsl:attribute name="atfqnum" select="$atfqnum"/>
               <xsl:attribute name="tkt" select="$tkt"/>
               <xsl:attribute name="sort">
                  <xsl:choose>
                     <xsl:when test="substring-before($v,'-') = 'G'">
                        <xsl:value-of select="1"/>
                     </xsl:when>
                     <xsl:when test="substring-before($v,'-') = 'L'">
                        <xsl:value-of select="2"/>
                     </xsl:when>
                     <xsl:when test="substring-before($v,'-') = 'N'">
                        <xsl:value-of select="3"/>
                     </xsl:when>
                     <xsl:when test="contains(substring-before($v,'-'),'DS')">
                        <xsl:value-of select="4"/>
                     </xsl:when>
                     <xsl:otherwise>
                        <xsl:value-of select="5"/>
                     </xsl:otherwise>
                  </xsl:choose>
               </xsl:attribute>
               <!--<xsl:value-of select="$v"/>--></xsl:element>
            <xsl:call-template name="SimpleStringLoop">
               <xsl:with-param name="input" select="substring-after($input, '*')"/>
               <xsl:with-param name="atfqnum" select="$atfqnum"/>
               <xsl:with-param name="tkt" select="$tkt"/>
            </xsl:call-template>
         </xsl:if>
      </xsl:template>
      <xsl:template match="item">
         <xsl:choose>
            <xsl:when test="@type='L'">
               <xsl:element name="LowFare">
                  <xsl:attribute name="Prefix">
                     <xsl:value-of select="@type"/>
                  </xsl:attribute>
                  <xsl:choose>
                     <xsl:when test="@decimal">
                        <xsl:attribute name="Amount">
                           <xsl:value-of select="@decimal"/>
                        </xsl:attribute>
                        <xsl:if test="string-length(@Code) &gt; 0">
                           <xsl:attribute name="ReasonCode">
                              <xsl:value-of select="@Code"/>
                           </xsl:attribute>
                        </xsl:if>
                     </xsl:when>
                     <xsl:otherwise>
                        <xsl:value-of select="@Text"/>
                     </xsl:otherwise>
                  </xsl:choose>
               </xsl:element>
            </xsl:when>
            <xsl:when test="@type='G'">
               <xsl:element name="GrossFare">
                  <xsl:attribute name="Prefix">
                     <xsl:value-of select="@type"/>
                  </xsl:attribute>
                  <xsl:choose>
                     <xsl:when test="@decimal">
                        <xsl:attribute name="Amount">
                           <xsl:value-of select="@decimal"/>
                        </xsl:attribute>
                        <xsl:if test="string-length(@Code) &gt; 0">
                           <xsl:attribute name="ReasonCode">
                              <xsl:value-of select="@Code"/>
                           </xsl:attribute>
                        </xsl:if>
                     </xsl:when>
                     <xsl:otherwise>
                        <xsl:value-of select="@Text"/>
                     </xsl:otherwise>
                  </xsl:choose>
               </xsl:element>
            </xsl:when>
            <xsl:when test="@type='N'">
               <xsl:element name="NormalFare">
                  <xsl:attribute name="Prefix">
                     <xsl:value-of select="@type"/>
                  </xsl:attribute>
                  <xsl:choose>
                     <xsl:when test="@decimal">
                        <xsl:attribute name="Amount">
                           <xsl:value-of select="@decimal"/>
                        </xsl:attribute>
                        <xsl:if test="string-length(@Code) &gt; 0">
                           <xsl:attribute name="ReasonCode">
                              <xsl:value-of select="@Code"/>
                           </xsl:attribute>
                        </xsl:if>
                     </xsl:when>
                     <xsl:otherwise>
                        <xsl:value-of select="@Text"/>
                     </xsl:otherwise>
                  </xsl:choose>
               </xsl:element>
            </xsl:when>
            <xsl:when test="starts-with(@type,'D') ">
               <xsl:element name="DollarSaver">
                  <xsl:attribute name="Prefix">
                     <xsl:value-of select="@type"/>
                  </xsl:attribute>
                  <xsl:if test="@decimal castable as xs:decimal">
                     <xsl:attribute name="Amount">
                        <xsl:value-of select="@decimal"/>
                     </xsl:attribute>
                  </xsl:if>
                  <xsl:if test="string-length(@Text) &gt; 0">
                     <xsl:value-of select="substring-after(@Text,'-')"/>
                  </xsl:if>
                  <xsl:if test="string-length(@Code) &gt; 0">
                     <xsl:attribute name="ReasonCode">
                        <xsl:value-of select="@Code"/>
                     </xsl:attribute>
                  </xsl:if>
               </xsl:element>
            </xsl:when>
            <xsl:otherwise>
               <xsl:element name="Udid">
                  <xsl:attribute name="Prefix">
                     <xsl:value-of select="@type"/>
                  </xsl:attribute>
                  <xsl:choose>
                     <xsl:when test="@decimal">
                        <xsl:attribute name="Amount">
                           <xsl:value-of select="@decimal"/>
                        </xsl:attribute>
                        <xsl:if test="string-length(@Code) &gt; 0">
                           <xsl:attribute name="ReasonCode">
                              <xsl:value-of select="@Code"/>
                           </xsl:attribute>
                        </xsl:if>
                     </xsl:when>
                     <xsl:when test="contains(@Text,'-')">
                        <xsl:value-of select="substring-after(@Text,'-')"/>
                     </xsl:when>
                     <xsl:otherwise>
                        <xsl:value-of select="@Text"/>
                     </xsl:otherwise>
                  </xsl:choose>
               </xsl:element>
            </xsl:otherwise>
         </xsl:choose>
      </xsl:template>
   </xsl:stylesheet>
   <description/>
</localEntry>
