<?xml version="1.0" encoding="UTF-8"?>
<api xmlns="http://ws.apache.org/ns/synapse"
     name="addTripHelperService"
     context="/processTrip"
     hostname="localhost"
     port="8280">
   <resource methods="POST" uri-template="/add/v1">
      <inSequence>
         <property name="REST_URL_POSTFIX" scope="axis2" action="remove"/>
         <property xmlns:ns="http://org.apache.synapse/xsd"
                   name="startTime"
                   expression="get-property(&#34;SYSTEM_DATE&#34; ,&#34;yyyy/MM/dd - HH:mm:ss.SSS&#34;)"
                   scope="default"
                   type="STRING"/>
         <property name="payloadRq"
                   expression="$body/child::node()"
                   scope="default"
                   type="STRING"/>
         <property name="service"
                   value="AsyncAddTripService"
                   scope="default"
                   type="STRING"/>
         <property name="step"
                   value="ESB ProcessAddTripService"
                   scope="default"
                   type="STRING"/>
         <property name="Success" value="false" scope="default" type="BOOLEAN"/>
         <property name="regioncode"
                   expression="$trp:regioncode"
                   scope="default"
                   type="STRING"/>
         <property name="transId"
                   expression="$trp:tranid"
                   scope="default"
                   type="STRING"/>
         <property name="loglevel"
                   expression="$trp:loglevel"
                   scope="default"
                   type="STRING"/>
         <property name="system"
                   expression="$trp:system"
                   scope="default"
                   type="STRING"/>
         <enrich>
            <source type="body" clone="true"/>
            <target type="property" property="ORIGREQUEST"/>
         </enrich>
         <enrich>
            <source type="inline" clone="true">
               <soapenv:Envelope xmlns:soapenv="http://www.w3.org/2003/05/soap-envelope">
                  <soapenv:Body/>
               </soapenv:Envelope>
            </source>
            <target type="envelope"/>
         </enrich>
         <property name="REQUEST" value="true"/>
         <property name="uri.var.createdDate"
                   expression="$ctx:ORIGREQUEST/TravelItinerary/AccessHistory/Created/@Time"
                   scope="default"
                   type="STRING"/>
         <property name="uri.var.source"
                   expression="$ctx:ORIGREQUEST/PNRRef/@AtlasGDS"
                   scope="default"
                   type="STRING"/>
         <property name="uri.var.recordLoc"
                   expression="$ctx:ORIGREQUEST/PNRRef/@RecordLocator"
                   scope="default"
                   type="STRING"/>
         <property name="HTTP_METHOD" value="GET" scope="axis2" type="STRING"/>
         <header name="regioncode"
                 scope="transport"
                 expression="get-property('regioncode')"/>
         <header name="tranid"
                 scope="transport"
                 expression="get-property('transId')"/>
         <header name="loglevel"
                 scope="transport"
                 expression="get-property('loglevel')"/>
         <header name="system" scope="transport" expression="get-property('system')"/>
         <header name="origin" scope="transport" value="addTrip"/>
         <send receive="UpdateTripSequence">
            <endpoint key="GetTripDataService"/>
         </send>
      </inSequence>
      <outSequence>
         <enrich>
            <source type="property" clone="true" property="bodyMessage"/>
            <target type="body"/>
         </enrich>
         <property name="messageType" value="application/xml" scope="axis2"/>
      </outSequence>
   </resource>
</api>
