<?xml version="1.0" encoding="UTF-8"?>
<api xmlns="http://ws.apache.org/ns/synapse"
     name="rawMessageListenerService"
     context="/rawMessageListener"
     hostname="localhost"
     port="8280">
   <resource methods="POST" uri-template="/store/v1">
      <inSequence>
         <property name="REST_URL_POSTFIX" scope="axis2" action="remove"/>
         <property xmlns:ns="http://org.apache.synapse/xsd"
                   name="startTime"
                   expression="get-property(&#34;SYSTEM_DATE&#34; ,&#34;yyyy/MM/dd - HH:mm:ss.SSS&#34;)"
                   scope="default"
                   type="STRING"/>
         <property name="payloadRq"
                   expression="$body/child::node()"
                   scope="default"
                   type="STRING"/>
         <log>
            <property xmlns:ns="http://org.apache.synapse/xsd"
                      name="LOG-*********Inside rawMessageListenerService**********"
                      expression="$body"/>
         </log>
         <property name="service"
                   value="RawMessageListener"
                   scope="default"
                   type="STRING"/>
         <property name="step"
                   value="ESB RawMessageListener"
                   scope="default"
                   type="STRING"/>
         <property name="Success" value="false" scope="default" type="BOOLEAN"/>
         <property name="ProcessName"
                   value="RawMsgProcessor"
                   scope="default"
                   type="STRING"/>
         <property name="regioncode"
                   expression="$trp:datacenter"
                   scope="default"
                   type="STRING"/>
         <property name="system"
                   expression="$trp:system"
                   scope="default"
                   type="STRING"/>
         <header name="processName" scope="transport" value="RawMsgProcessor"/>
         <property name="apikey"
                   value="ZUq2muiY1tyFDvWW6ascY19ALHmMNIy1"
                   scope="default"
                   type="STRING"/>
         <header name="apikey" scope="transport" expression="get-property('apikey')"/>
         <property name="uri.var.servicename"
                   value="rawMessageListner"
                   scope="default"
                   type="STRING"/>
         <log>
            <property name="apikey" expression="get-property('apikey')"/>
         </log>
         <call>
            <endpoint key="GetAuditTransactionIDandLoglevel"/>
         </call>
         <log>
            <property name="*****After GetAuditTransactionIDandLoglevel call********"
                      expression="$body"/>
         </log>
         <property name="GetAuditTransactionIDandLoglevel"
                   expression="$body"
                   scope="default"
                   type="STRING"/>
         <property name="transId"
                   expression="//AuditAPIResponse/AuditID"
                   scope="default"
                   type="STRING"/>
         <property name="loglevel"
                   expression="//AuditAPIResponse/LogLevel"
                   scope="default"
                   type="STRING"/>
         <filter xpath="boolean(get-property('loglevel'))">
            <then>
               <payloadFactory media-type="xml">
                  <format>
                     <Response xmlns="">$1</Response>
                  </format>
                  <args>
                     <arg evaluator="xml" expression="get-property('payloadRq')"/>
                  </args>
               </payloadFactory>
               <enrich>
                  <source clone="true" xpath="//Response/GIDS"/>
                  <target type="body"/>
               </enrich>
               <enrich>
                  <source type="body" clone="true"/>
                  <target type="property" property="Request"/>
               </enrich>
               <log>
                  <property name="******Input to store raw msg " expression="$body"/>
               </log>
               <header xmlns:ns="http://org.apache.synapse/xsd"
                       name="tranid"
                       scope="transport"
                       expression="get-property('transId')"/>
               <header xmlns:ns="http://org.apache.synapse/xsd"
                       name="loglevel"
                       scope="transport"
                       expression="get-property('loglevel')"/>
               <call>
                  <endpoint key="StoreRawMsgService"/>
               </call>
               <enrich>
                  <source xmlns:ns="http://org.apache.synapse/xsd"
                          xmlns:mo="http://schemas.xmlsoap.org/soap/envelope/"
                          clone="true"
                          xpath="//mo:Body/StoreRawMessageResponse/Success/text()"/>
                  <target type="property" property="Success"/>
               </enrich>
               <filter xmlns:ns="http://org.apache.synapse/xsd"
                       source="get-property('Success')"
                       regex="True">
                  <then>
                     <sequence key="AsyncRawMsgProcessorSequence"/>
                     <property name="messageType" value="application/xml" scope="axis2"/>
                     <property name="successFlag"
                               value="Success"
                               scope="default"
                               type="STRING"/>
                     <property name="AsyncFlag" value="true" scope="default" type="STRING"/>
                     <payloadFactory media-type="xml">
                        <format>
                           <RawMessageListenerResponse>
                              <Success>$1</Success>
                           </RawMessageListenerResponse>
                        </format>
                        <args>
                           <arg evaluator="xml" expression="get-property('Success')"/>
                        </args>
                     </payloadFactory>
                     <sequence key="AuditSequence"/>
                  </then>
                  <else>
                     <property name="successFlag" value="Fail" scope="default" type="STRING"/>
                     <property name="AsyncFlag" value="true" scope="default" type="STRING"/>
                     <payloadFactory media-type="xml">
                        <format>
                           <RawMessageListenerResponse>
                              <Success>$1</Success>
                           </RawMessageListenerResponse>
                        </format>
                        <args>
                           <arg evaluator="xml" expression="get-property('Success')"/>
                        </args>
                     </payloadFactory>
                     <sequence key="AuditSequence"/>
                  </else>
               </filter>
               <send/>
            </then>
            <else>
               <payloadFactory media-type="xml">
                  <format>
                     <AuditAPIResponse xmlns="">
                        <Error>Generation of loglevel failed</Error>
                     </AuditAPIResponse>
                  </format>
                  <args>
                     <arg evaluator="xml" expression="get-property('Success')"/>
                  </args>
               </payloadFactory>
               <send/>
            </else>
         </filter>
      </inSequence>
   </resource>
</api>
